INSERT INTO USERS (user_id,first_name,last_name,email,password,updated_at,created_at) VALUES (1,'Sierra','Cooper','metus.vitae.velit@facilisismagnatellus.net','WBL90DHP2RU','2017-02-28 12:15:29','2018-01-27 01:41:55'),(2,'Lamar','Yang','eleifend.Cras@tellusimperdiet.edu','GTZ20SSS5HV','2017-01-25 22:22:47','2017-04-30 09:44:22'),(3,'Hanna','Sims','ac.mattis.semper@semegetmassa.org','HPQ85RQA5VS','2016-11-20 23:35:34','2018-01-01 07:59:24'),(4,'Brady','Suarez','lobortis.Class.aptent@Maurismagna.co.uk','QXI30OKH2AH','2016-08-24 09:34:56','2017-08-24 20:51:13'),(5,'Olga','Snyder','sit@sitametluctus.org','KPB04VJH3ZD','2016-10-04 06:48:44','2017-05-05 06:08:28'),(6,'Azalia','Blevins','Vivamus.molestie.dapibus@libero.net','EOD45RLR6UN','2016-11-07 23:15:48','2017-05-24 09:17:01'),(7,'Raphael','Blackburn','sed.dolor@purusaccumsan.edu','PTR89NMG4GJ','2016-03-13 10:13:48','2017-04-14 09:07:38'),(8,'Lance','Harrington','justo@senectuset.co.uk','VEX37QLM6OF','2016-10-23 08:24:09','2017-09-29 15:11:26'),(9,'Knox','Briggs','eget@risusaultricies.co.uk','ZKB32CQN7YO','2016-06-21 08:22:49','2018-02-07 09:13:04'),(10,'Arsenio','Kennedy','elementum.sem.vitae@idmollis.com','ANV95YMV3XK','2016-06-06 04:55:30','2017-04-14 02:53:30');
INSERT INTO USERS (user_id,first_name,last_name,email,password,updated_at,created_at) VALUES (11,'Tallulah','Daniel','Sed.congue.elit@Aenean.org','ACA65AXT9XQ','2016-10-13 12:53:35','2017-04-07 23:50:49'),(12,'Dora','Good','iaculis@velarcu.edu','FKO31FVF8CO','2016-07-31 09:11:46','2017-12-31 10:22:13'),(13,'Ima','Carlson','eu.nibh.vulputate@nisl.ca','INX60UYT1OD','2016-09-18 01:05:48','2017-08-28 21:08:28'),(14,'Ruth','Ochoa','nibh@auctor.edu','WBK13RIS9RB','2016-05-12 19:29:58','2017-11-07 16:58:44'),(15,'Leslie','Fox','consectetuer@hendrerit.edu','OHM98KYX7RW','2016-12-31 08:06:23','2017-03-20 04:34:53'),(16,'Alexa','Silva','arcu.Sed.eu@interdumlibero.ca','ESR33UMD3YY','2016-08-27 07:31:48','2018-01-23 23:29:17'),(17,'Xanthus','Cardenas','eu.arcu.Morbi@Phasellusdapibusquam.com','DVG08HJZ8JI','2016-12-01 13:37:42','2018-01-18 03:55:31'),(18,'Shelby','Strong','scelerisque@magnamalesuada.net','JTR60EIV4CT','2016-03-30 01:47:59','2018-01-09 16:09:41'),(19,'Emery','Hudson','eget.metus@etnuncQuisque.ca','XJI06ZTJ8SB','2016-09-08 21:15:31','2018-03-02 09:26:58'),(20,'Ariana','Whitaker','quis.tristique.ac@auctor.net','NJK40FRK4LQ','2016-06-14 15:50:38','2017-03-15 16:55:16');
INSERT INTO USERS (user_id,first_name,last_name,email,password,updated_at,created_at) VALUES (21,'Anjolie','Lindsey','eu@diamPellentesque.ca','QCD25VMO7OT','2016-07-02 06:30:28','2017-09-11 00:59:37'),(22,'Helen','Frost','facilisis.magna@pedeet.org','UIO66VHL1UO','2016-05-08 11:49:43','2017-10-01 01:40:12'),(23,'Anjolie','Houston','dui.Suspendisse.ac@fringilla.ca','NZJ13KQV2ON','2016-04-18 14:33:17','2017-08-31 07:16:10'),(24,'Nita','Ray','dapibus.quam@lorem.co.uk','JLK57YFO1YX','2016-12-25 22:48:17','2017-07-30 16:05:02'),(25,'Summer','Burnett','fringilla.Donec.feugiat@leoCras.com','KFJ89ZZR7PK','2016-09-27 08:16:33','2017-05-20 07:01:48'),(26,'Calvin','Gonzales','et.magnis.dis@tempor.net','BYV07OOF6VZ','2016-07-01 12:45:55','2018-03-03 02:02:21'),(27,'Cecilia','Banks','feugiat.Sed.nec@accumsanlaoreetipsum.com','YFO23ZWL3RC','2016-12-15 14:47:58','2017-04-29 04:50:10'),(28,'Forrest','Guzman','felis@urna.co.uk','MEC25RPE1HX','2016-06-16 09:08:28','2017-12-06 06:02:52'),(29,'Belle','Paul','Nunc@ante.net','RYB19PUX1MV','2016-04-14 07:45:25','2018-02-25 01:25:28'),(30,'Tashya','Chan','augue.malesuada@molestietellusAenean.com','YTU65FTY1RF','2016-08-23 14:40:52','2017-05-17 22:35:51');
INSERT INTO USERS (user_id,first_name,last_name,email,password,updated_at,created_at) VALUES (31,'Fitzgerald','Boyd','eu@blandit.co.uk','AON38FWY0ZN','2016-08-28 12:17:39','2017-04-17 05:02:06'),(32,'Celeste','Dejesus','condimentum.Donec.at@massaMaurisvestibulum.edu','GRQ51ZIW6UJ','2016-09-23 22:15:47','2017-07-20 21:55:54'),(33,'Quynn','Castro','parturient.montes@etrutrum.org','GRX43OUQ1ZG','2017-02-04 19:29:48','2017-06-09 02:26:59'),(34,'Arthur','Sanford','magnis.dis@laciniaorciconsectetuer.edu','BRA40MPA4YI','2016-08-19 19:42:57','2017-08-12 09:21:56'),(35,'Drake','Moon','dictum.Phasellus.in@egestasrhoncusProin.co.uk','NTB28NQH1QF','2016-04-01 18:52:07','2017-05-05 19:42:30'),(36,'Jermaine','Pittman','risus.quis@ac.net','KNI47UID1QB','2016-04-13 08:30:48','2017-08-04 16:58:16'),(37,'Jorden','Good','elit.elit.fermentum@turpis.net','ZQP21RNB6LH','2016-08-11 12:46:20','2017-06-27 07:23:38'),(38,'Raphael','Powers','inceptos@Aliquamgravidamauris.ca','ZTM37URQ4SG','2016-04-23 10:00:36','2017-12-07 04:16:38'),(39,'Adrian','Booker','consectetuer.cursus@nondui.co.uk','DDJ13WES7OG','2016-04-28 08:14:15','2017-11-04 16:47:55'),(40,'Jane','Gonzalez','Aenean.euismod@risus.ca','DGU64WKB2TM','2016-10-13 17:26:00','2017-04-20 16:58:03');
INSERT INTO USERS (user_id,first_name,last_name,email,password,updated_at,created_at) VALUES (41,'Emerson','Hampton','diam.nunc.ullamcorper@utipsum.org','JKO20RPN8XB','2016-06-30 09:58:35','2017-03-14 08:42:40'),(42,'Chaney','Medina','adipiscing.non@nasceturridiculusmus.co.uk','AKR68HGW6FV','2016-09-07 18:08:18','2017-11-12 12:46:27'),(43,'Kessie','Roman','non@euelit.ca','TZP21BPN4BO','2017-02-14 00:50:21','2018-02-15 14:45:51'),(44,'Henry','Leblanc','lacinia.vitae@consequatauctornunc.edu','IET31DON7SB','2016-06-02 22:30:58','2017-12-01 00:24:06'),(45,'Arden','Norton','Cras.pellentesque.Sed@vestibulum.com','SFN21NMN3AP','2016-11-02 23:43:56','2017-08-04 08:06:18'),(46,'Palmer','Rocha','nec.quam@iaculisneceleifend.edu','AUG82KKF3AJ','2017-01-09 11:24:10','2017-06-06 17:27:11'),(47,'Quemby','Bartlett','Nam@ante.com','JQE97CWH1UC','2016-08-27 11:14:00','2018-02-22 18:44:54'),(48,'Iola','Key','nisl.Maecenas@nibhPhasellus.ca','IKF93SWO8UK','2016-04-03 11:18:28','2018-01-22 07:38:21'),(49,'Blair','Flores','nisi@acmetusvitae.edu','AFB31DJO1DQ','2016-08-27 07:31:39','2017-08-18 07:58:45'),(50,'Amena','Rios','scelerisque.dui@nullaDonec.ca','JOH63UUN8BM','2016-11-23 17:18:42','2018-02-28 16:56:31');
INSERT INTO USERS (user_id,first_name,last_name,email,password,updated_at,created_at) VALUES (51,'Emerald','Emerson','accumsan.interdum@semperet.edu','ECU87CKB8BG','2016-08-30 20:40:11','2017-11-19 15:49:27'),(52,'Briar','Reyes','erat.volutpat.Nulla@enim.net','NQQ62VKB7RX','2016-07-30 08:22:50','2017-12-19 02:13:40'),(53,'Odysseus','Stevens','aliquet.magna.a@risus.com','PKY14PTE9HJ','2016-06-10 20:16:03','2017-03-17 08:02:44'),(54,'Raymond','Workman','ante.ipsum.primis@velitjusto.ca','WXT04VVF3FU','2017-03-05 04:56:48','2017-07-09 15:59:22'),(55,'Patience','Conrad','diam.eu@risusQuisque.co.uk','ZWI25MKY1JB','2016-03-24 22:58:06','2018-01-24 13:31:42'),(56,'Octavius','Meyers','odio@dolortempusnon.edu','JSD48ELQ7YE','2016-12-29 14:23:10','2017-04-04 15:37:14'),(57,'Oren','Horton','arcu.Vestibulum.ante@laoreet.net','LME96HDR2YR','2016-07-29 14:26:45','2018-01-15 19:18:13'),(58,'Leandra','Mills','neque@semper.ca','FQS83ZLE4CN','2016-11-30 13:56:04','2017-10-20 01:07:49'),(59,'Karly','Sandoval','enim@acarcuNunc.edu','MTW73WVR8ZQ','2016-03-10 10:09:12','2017-03-25 20:03:47'),(60,'Cain','Rojas','semper.rutrum@Phasellusfermentumconvallis.net','YSI94ZER5OU','2016-11-15 23:49:47','2018-02-08 05:59:43');
INSERT INTO USERS (user_id,first_name,last_name,email,password,updated_at,created_at) VALUES (61,'Mira','Vasquez','Nullam@necimperdietnec.net','TBI37BGA9ZQ','2016-12-22 22:18:15','2017-03-10 09:17:28'),(62,'Skyler','Melton','enim@nequevitaesemper.com','LQB86FJL2CY','2016-12-20 23:07:49','2017-09-03 06:13:19'),(63,'Claudia','Martinez','eu.accumsan.sed@Inmipede.com','JLI96VDB8SZ','2016-08-17 21:50:25','2017-06-21 09:05:51'),(64,'Carissa','Rodriquez','Donec.egestas.Duis@felisullamcorperviverra.edu','WOH47BHY9WN','2016-09-01 07:15:01','2017-07-25 09:59:03'),(65,'Jada','Rutledge','odio.tristique.pharetra@enimEtiam.edu','NSK31ITV5YU','2016-08-19 04:54:46','2017-12-19 17:07:56'),(66,'Gemma','Sheppard','enim.consequat.purus@egestas.co.uk','RTE89WSO5HT','2016-03-26 08:35:19','2017-08-04 08:36:05'),(67,'Gannon','Battle','orci.Donec.nibh@lobortis.org','JRE80SDQ1CX','2016-11-28 22:08:23','2017-11-26 12:09:33'),(68,'Cheyenne','Tanner','tristique.senectus@massa.org','CMO18MOW7OJ','2016-05-23 16:08:45','2018-01-01 23:32:48'),(69,'Kameko','Alston','et.commodo.at@tempus.com','HUZ31ZUR9XB','2017-02-22 08:51:43','2017-06-14 20:15:38'),(70,'Boris','Tran','habitant@antedictummi.net','NVE38XTF7KL','2016-10-04 21:02:53','2017-03-22 09:31:06');
INSERT INTO USERS (user_id,first_name,last_name,email,password,updated_at,created_at) VALUES (71,'Zane','Hoffman','odio.semper@vestibulumMaurismagna.org','EJP37KDI9JN','2016-07-23 14:20:21','2017-07-07 16:08:09'),(72,'Howard','Gutierrez','eu@rhoncusDonec.com','SRV28RPL5HK','2016-12-20 05:48:52','2017-10-31 03:06:39'),(73,'Scarlet','Ruiz','accumsan.neque@enimCurabitur.net','NWE76PFE2LT','2016-03-16 17:19:18','2017-06-08 08:28:17'),(74,'Leonard','Wilkerson','diam@lectus.ca','IOW34HVV0EC','2016-09-17 03:53:01','2017-05-31 12:32:05'),(75,'Alma','Clark','amet.metus@luctussitamet.ca','WJR29XHZ0AK','2016-12-11 21:23:49','2017-11-24 14:26:22'),(76,'Leila','Walker','vel@mollisInteger.ca','REI03EUA7KK','2016-08-10 09:59:57','2017-11-13 06:30:16'),(77,'Gloria','Montoya','sem.mollis.dui@Seddictum.org','LWH81CHJ1MD','2017-03-08 04:42:09','2017-07-07 07:17:20'),(78,'Irma','Lamb','urna.Vivamus@magna.ca','OZX70IUT7YN','2016-11-15 09:55:34','2017-10-11 00:50:01'),(79,'Doris','Cochran','tristique.ac@Cum.co.uk','EWZ59TFW8VS','2016-09-26 14:27:33','2017-04-02 14:19:47'),(80,'Florence','Clemons','risus.Morbi.metus@porttitorscelerisque.ca','NFA14CTG6BL','2016-03-26 04:11:14','2017-12-21 16:51:34');
INSERT INTO USERS (user_id,first_name,last_name,email,password,updated_at,created_at) VALUES (81,'Channing','Burt','Nunc@acrisus.org','UFW60NXK2RF','2017-02-20 02:08:17','2017-04-29 14:21:16'),(82,'Aurelia','Mullins','consectetuer.adipiscing.elit@aliquamerosturpis.net','JIA45AHU0TN','2016-12-30 00:25:30','2017-09-02 03:10:06'),(83,'Lacy','Jenkins','imperdiet.nec@gravidamaurisut.ca','QNJ63IUA6PY','2016-09-29 22:25:35','2017-12-01 01:53:32'),(84,'Madeline','Melton','feugiat@scelerisquemollisPhasellus.co.uk','BRK70MZP4HX','2016-09-17 12:06:00','2017-09-26 19:32:28'),(85,'Dale','Welch','risus.Donec@arcuimperdiet.org','PPQ27UKZ7JI','2016-11-03 23:30:17','2017-07-03 07:14:16'),(86,'Hoyt','Johns','mollis@Donec.org','AVF01BFH8PZ','2016-06-21 06:05:57','2017-03-16 12:51:05'),(87,'Wing','Decker','dui.in@tristiquealiquetPhasellus.ca','FCE00VOE6EK','2016-06-08 06:51:40','2017-05-23 19:55:13'),(88,'Laith','Wilkins','quis@ante.com','NPU91KXE5EO','2016-07-18 22:57:46','2017-11-12 09:53:01'),(89,'Margaret','Webster','quam@Maecenasmifelis.net','DGK02OVN1IY','2016-10-27 21:52:49','2017-05-12 15:08:09'),(90,'Anne','Mathews','Fusce.diam.nunc@molestiearcu.com','KUJ51YZC6AM','2016-04-11 21:55:01','2017-11-17 16:32:59');
INSERT INTO USERS (user_id,first_name,last_name,email,password,updated_at,created_at) VALUES (91,'Lawrence','Vega','Pellentesque.ultricies.dignissim@aliquetdiamSed.com','ULJ51ROX9HF','2017-01-30 08:23:21','2017-08-19 20:03:56'),(92,'Colt','Perry','vel@ipsumSuspendisse.net','KAV43QHS5FP','2016-08-06 02:47:51','2017-10-16 16:40:02'),(93,'Solomon','Maldonado','cursus.luctus@aultriciesadipiscing.com','VTY34LZR1SP','2016-04-16 01:13:59','2017-03-23 04:21:17'),(94,'Ila','Franco','torquent.per.conubia@semPellentesqueut.org','UZN10MOZ2EZ','2016-09-09 22:11:14','2017-11-18 23:41:25'),(95,'Portia','Mills','malesuada@viverraMaecenas.edu','ZRA88OHY0ZI','2016-06-11 15:34:16','2018-01-09 07:55:50'),(96,'Celeste','Simon','Mauris.vel@sitamet.com','TRY42VVZ7SK','2017-03-06 11:12:41','2017-03-23 00:13:40'),(97,'Samuel','Bradley','Donec.nibh@Nuncpulvinararcu.org','CRQ57YLC6TF','2016-09-06 20:44:06','2017-11-14 19:23:48'),(98,'Erin','Russell','molestie.pharetra.nibh@vehiculaPellentesquetincidunt.edu','KMG36XDB5TC','2016-11-11 06:35:06','2018-01-11 08:16:42'),(99,'Mary','Flores','dui@nec.ca','EJF53BVO9MD','2017-01-05 18:30:29','2017-03-19 17:12:08'),(100,'Shaine','Barber','vel.quam.dignissim@odiosagittis.ca','TFY29FSL1KC','2016-06-19 20:43:50','2017-09-24 21:49:18');

INSERT INTO COMPANIES (company_id,name,vat,phone,address_city,address_country,address_house_number,address_postalCode,address_street,updated_at,created_at) VALUES (1,'Volutpat Company','Q57E87DW34DR','08 90 21 34 65','Lanco','Saudi Arabia',159,'573460','Ap #373-5592 Duis St.','2016-01-12 23:46:04','2016-06-09 07:57:09'),(2,'Faucibus Ut Industries','W64Y14BO63MG','07 40 61 67 21','King Township','Thailand',100,'1088','P.O. Box 123, 6958 Est, Road','2015-12-04 17:05:48','2016-04-29 13:50:10'),(3,'Vulputate Ullamcorper Industries','L98V91FE17LD','06 82 21 42 43','Juazeiro do Norte','Switzerland',156,'74554','718-5787 Turpis. Rd.','2016-01-27 05:29:40','2017-03-25 22:37:33'),(4,'Lorem Ipsum Associates','G64J15JI91QM','05 64 53 22 55','Lambusart','Lithuania',98,'3522','108-3941 Iaculis Avenue','2015-09-11 18:21:48','2016-05-05 23:11:54'),(5,'Consequat Incorporated','G32A61YC16AJ','07 01 10 85 43','San Pablo','Kyrgyzstan',86,'L2 5WS','100-6348 Eu Rd.','2015-09-23 10:43:49','2017-12-30 03:33:17'),(6,'Felis Eget Varius Foundation','L27Q54HH48AD','06 92 77 82 07','Drumheller','Afghanistan',153,'933068','Ap #619-8931 Nam St.','2015-10-10 21:07:24','2017-06-14 14:58:53'),(7,'Leo Vivamus Corporation','J83F26II49ZW','05 90 92 27 23','Lutsel K''e','Malaysia',196,'902301','Ap #544-5823 Dictum. Av.','2015-10-19 06:52:34','2016-06-29 11:27:49'),(8,'Erat Incorporated','I97I51GZ19NE','08 73 85 15 67','Pukekohe','Turks and Caicos Islands',81,'18298','227-1265 Mauris Av.','2015-09-14 04:29:17','2017-12-13 12:18:09'),(9,'Pulvinar Arcu Incorporated','V77A95XH96BR','09 41 62 72 05','Chepstow','Malta',147,'199084','453-4537 Nunc Road','2015-09-07 06:17:03','2017-02-28 14:21:32'),(10,'Morbi Accumsan Laoreet Corporation','D38U56YC12IC','02 96 31 69 32','Malvern','Slovenia',128,'27451','P.O. Box 836, 2801 Vestibulum St.','2015-11-21 10:07:05','2016-04-18 11:33:08');
INSERT INTO COMPANIES (company_id,name,vat,phone,address_city,address_country,address_house_number,address_postalCode,address_street,updated_at,created_at) VALUES (11,'Fringilla Euismod Corp.','X95T38KX81DW','06 91 17 21 67','Heerlen','Zimbabwe',63,'3739','653-3209 Facilisi. St.','2015-11-05 08:30:45','2017-06-29 18:53:06'),(12,'Nulla Aliquet Proin Corporation','X54Y51FE39PI','04 07 66 70 70','Livorno','Trinidad and Tobago',157,'6957','P.O. Box 215, 107 Quis Av.','2015-10-15 03:22:06','2016-05-09 06:35:24'),(13,'A Consulting','R84U52XO36IN','03 15 72 67 53','Schiltigheim','Honduras',165,'15244','2419 Quam St.','2016-01-03 07:04:22','2018-01-30 10:00:04'),(14,'Dui Company','T66Q44JN59SX','04 65 19 52 11','Esneux','Israel',122,'630421','8076 Libero Ave','2015-09-20 00:05:10','2018-02-10 13:01:39'),(15,'Nulla Tincidunt Neque Foundation','J46B73BU28XD','02 69 37 06 80','Le Mans','Heard Island and Mcdonald Islands',22,'J1G 8G8','7107 Proin Av.','2015-09-12 10:44:56','2017-09-24 13:54:38'),(16,'Libero At Corporation','C72V71NB19BZ','02 17 67 73 74','Pellizzano','Martinique',131,'M4J 1Y7','629-164 Dis St.','2015-10-13 15:02:54','2016-06-06 22:14:53'),(17,'Non Company','Y33K43BD82RF','08 03 59 90 56','Rothesay','Turkey',103,'53076','P.O. Box 661, 7258 Donec Street','2015-11-13 04:26:06','2017-11-24 17:57:06'),(18,'Pede Ltd','J64Q98FV31QI','05 42 67 97 07','Maser','Tajikistan',42,'39469','7916 Adipiscing St.','2015-10-12 12:19:09','2017-12-29 22:23:47'),(19,'Nascetur Ridiculus Ltd','T41L17AF59YH','07 61 32 14 87','Meugliano','Bangladesh',61,'2181','Ap #242-7194 Sed Ave','2015-12-15 03:55:02','2016-07-17 10:38:45'),(20,'In PC','N58M27MR62QA','07 25 57 16 47','Kapuskasing','Turkey',130,'770841','492 Enim Road','2015-12-21 04:23:03','2016-04-25 10:50:01');
INSERT INTO COMPANIES (company_id,name,vat,phone,address_city,address_country,address_house_number,address_postalCode,address_street,updated_at,created_at) VALUES (21,'Gravida Nunc Consulting','S93C12GK67YS','08 65 50 62 27','Villafranca in Lunigiana','Paraguay',76,'V1R 0K8','556-4990 Gravida Av.','2015-11-26 04:55:55','2017-11-27 03:41:30'),(22,'Magnis Dis LLP','S76R54BV29HX','02 64 09 29 53','Colomiers','Syria',91,'49317','2685 Ac Rd.','2016-01-22 10:38:00','2017-11-27 17:23:37'),(23,'Ac Mi Eleifend Company','W62F39LA95LF','02 19 44 37 74','Damoh','Bahrain',145,'80070','533-1673 Odio. Rd.','2015-12-23 10:39:44','2017-10-31 18:09:59'),(24,'Aenean Corporation','M31V49WY99VB','01 73 47 26 12','Sint-Kruis','Norway',1,'911520','P.O. Box 475, 5633 Nullam Ave','2016-01-11 00:00:47','2017-08-26 08:15:29'),(25,'Fringilla Est Consulting','G16R94LG91YW','04 55 28 21 68','Ehein','Northern Mariana Islands',92,'62398','3738 Scelerisque Av.','2015-11-22 16:16:51','2017-02-24 21:56:41'),(26,'Nullam Ltd','S56K36TR45KT','09 61 59 89 80','Grafton','Malawi',120,'42481','751-4849 Nec St.','2015-11-18 07:37:01','2017-05-18 23:56:23'),(27,'In Scelerisque Corporation','E21X12ZI68IG','07 28 43 27 24','Hattiesburg','Finland',14,'27394','P.O. Box 787, 4395 Elit Street','2015-12-30 00:58:36','2017-11-01 05:03:26'),(28,'Nisi Cum Sociis LLC','K93X59NQ43CL','08 74 81 92 62','Lambersart','Dominican Republic',24,'9754SZ','6732 Ut Ave','2015-10-15 02:11:23','2017-04-29 15:46:31'),(29,'Urna Nec Luctus Corporation','X89D43IV24UF','07 27 89 69 23','Valera Fratta','Macedonia',71,'40108','293-5718 Auctor Road','2015-11-07 08:08:33','2016-10-22 23:40:12'),(30,'A PC','R57G92SW43XI','01 99 14 42 12','Sint-Denijs-Westrem','Nepal',22,'88423','Ap #863-603 Tincidunt St.','2015-10-30 08:03:37','2016-11-04 18:26:34');
INSERT INTO COMPANIES (company_id,name,vat,phone,address_city,address_country,address_house_number,address_postalCode,address_street,updated_at,created_at) VALUES (31,'Enim Mi Tempor LLP','G97Y82ID19OI','09 15 32 96 50','Melton Mowbray','Ukraine',48,'6615','P.O. Box 766, 7263 Bibendum Ave','2015-12-18 01:03:04','2017-01-14 11:35:22'),(32,'Commodo Foundation','I55D64WN17YQ','08 55 57 08 09','Serskamp','Papua New Guinea',73,'43972-404','5754 Suspendisse Ave','2015-12-21 03:15:36','2016-07-23 05:14:48'),(33,'Nisl Nulla Foundation','K19X63XD39NX','06 69 89 83 31','Sauvenire','Andorra',3,'808825','P.O. Box 519, 4364 Sit St.','2015-12-19 19:46:51','2017-09-22 05:47:33'),(34,'Pellentesque Corp.','I22Z89KR13AO','09 11 13 81 88','Penzance','Reunion',77,'482330','638-2269 Scelerisque Rd.','2015-12-27 02:12:44','2017-07-20 00:00:43'),(35,'Enim Limited','P49K87MW96EN','01 21 96 55 85','Pictou','Cook Islands',37,'1419','Ap #931-708 Parturient Avenue','2015-11-16 06:58:56','2017-10-29 21:17:07'),(36,'Non Institute','A32A84VZ73PJ','05 96 95 81 48','Ingelheim','Christmas Island',173,'6388','923-645 Semper St.','2016-01-19 05:40:41','2017-09-15 15:44:28'),(37,'Urna Convallis Industries','Z25L88IV41MQ','02 14 48 96 12','Segovia','Ghana',118,'22045','Ap #815-2045 Quis St.','2015-09-05 06:01:04','2016-04-24 00:56:31'),(38,'Rutrum Urna Incorporated','V97A24JJ49KZ','08 57 88 11 32','Banff','French Southern Territories',49,'5589','5792 Nunc St.','2015-12-13 08:39:32','2016-03-18 17:15:46'),(39,'Phasellus Institute','F49R25OM46FU','05 49 64 54 34','Stendal','Sweden',92,'229547','P.O. Box 773, 4958 Vestibulum Street','2015-10-09 03:12:20','2017-09-17 20:23:40'),(40,'Phasellus Corp.','K64B47QD75RQ','04 79 42 14 49','Plauen','Dominica',58,'47339','247-6339 Metus Street','2016-01-06 15:55:31','2017-11-30 22:16:18');
INSERT INTO COMPANIES (company_id,name,vat,phone,address_city,address_country,address_house_number,address_postalCode,address_street,updated_at,created_at) VALUES (41,'Sem Eget Corp.','O15H45YI47XE','07 26 23 51 41','Monceau-Imbrechies','Montenegro',137,'18849','P.O. Box 181, 141 Et Avenue','2015-12-06 12:46:47','2016-04-28 08:32:46'),(42,'Libero Morbi Accumsan PC','O92H98QO53MC','01 36 27 75 94','San Lorenzo Nuovo','Kazakhstan',137,'62492','9518 Libero. Ave','2016-01-13 10:26:47','2017-02-23 19:15:36'),(43,'Metus Facilisis Lorem LLC','A41K58ZU51OE','06 39 51 80 20','Parbhani','Central African Republic',115,'661269','401-3497 Egestas. Street','2015-11-29 23:40:12','2016-06-10 11:34:34'),(44,'Morbi Neque Tellus Inc.','C61I22ZK31AD','06 14 13 53 43','Edmundston','Benin',167,'42955','P.O. Box 388, 7651 Sed Road','2015-09-03 06:28:05','2017-04-18 13:47:32'),(45,'Morbi Company','Y38S74QN86JV','06 26 99 59 84','Piła','Venezuela',149,'T99 4GS','298-7826 Montes, Street','2015-12-07 03:39:28','2017-03-24 15:53:32'),(46,'Sed Corp.','L28O72MM36YK','02 98 55 39 70','Scalloway','Malawi',184,'93342','P.O. Box 352, 2386 Et Road','2016-01-30 16:34:38','2016-06-06 15:27:10'),(47,'Nec Tellus Nunc Associates','H16D99FW22QN','07 06 81 11 98','Neuruppin','Comoros',36,'41701','Ap #126-8665 Mus. Street','2015-12-05 03:07:53','2017-03-22 04:27:37'),(48,'Natoque Penatibus Ltd','V15F34PA38DZ','08 35 58 60 29','Virginia Beach','Greece',112,'69517','518-8743 In Avenue','2015-11-10 22:51:32','2018-03-04 13:42:08'),(49,'Fringilla Ltd','F19O13SH91ML','08 08 35 58 30','Sfruz','Kenya',122,'55947-221','P.O. Box 535, 8942 Aliquet St.','2015-12-07 22:09:46','2017-12-11 09:13:40'),(50,'Vulputate Corp.','O12G58YU78JH','08 75 67 33 76','Mont-Saint-Guibert','Qatar',102,'63294','516-4467 Lobortis Rd.','2016-01-15 06:10:46','2016-12-10 10:05:31');
INSERT INTO COMPANIES (company_id,name,vat,phone,address_city,address_country,address_house_number,address_postalCode,address_street,updated_at,created_at) VALUES (51,'Imperdiet Ullamcorper Duis Corporation','Z18C31YL88QU','05 63 01 83 77','Uberlândia','Mexico',162,'5957','Ap #596-9502 Magna St.','2016-01-23 17:09:05','2017-04-25 18:30:00'),(52,'Aliquet Institute','Y81V49WI68OA','05 28 94 49 85','Comox','Cayman Islands',166,'1533','P.O. Box 239, 7490 Eu, Rd.','2016-01-06 07:10:14','2017-08-12 14:12:22'),(53,'Vestibulum Accumsan Neque Incorporated','E62W73XR55UA','08 51 79 82 73','LaSalle','Guam',137,'104339','1828 Ultricies Rd.','2015-10-07 05:16:29','2017-12-12 11:24:21'),(54,'Purus Inc.','Z41L48QQ15ZY','06 65 35 06 93','Timaukel','Tuvalu',158,'89081','Ap #457-7555 Risus. St.','2015-10-16 19:23:56','2018-02-15 19:56:06'),(55,'Nunc Limited','L49D76UB52XC','08 64 67 01 16','Hoofddorp','Chile',79,'57697','P.O. Box 429, 9439 Magna. Ave','2015-12-07 21:48:54','2016-07-12 03:20:09'),(56,'Dictum Placerat Augue Foundation','I59T68BJ97HJ','03 92 25 98 72','Neerheylissem','Guam',91,'A4Y 1G3','9896 Natoque Av.','2016-01-07 05:24:55','2017-02-01 05:59:53'),(57,'Accumsan Interdum Corporation','D79O68ZV14II','02 63 11 08 83','Minneapolis','India',171,'2982','2197 Dui, Street','2015-12-05 18:03:35','2017-10-15 17:45:02'),(58,'Libero At Auctor Associates','F26N49JV17FJ','02 44 23 82 56','Falmouth','Papua New Guinea',3,'J5 1KI','Ap #167-4805 Sem Street','2015-09-29 01:38:25','2016-05-18 06:48:42'),(59,'Nibh Aliquam Ornare Institute','N91B29BR94YV','01 36 64 82 62','Trani','Yemen',160,'626956','318 Augue, Road','2015-10-03 05:18:57','2016-09-01 16:30:44'),(60,'Dolor Incorporated','D24U95FT24GO','03 10 34 56 80','Houston','Martinique',170,'36307','Ap #301-6438 Magna. Avenue','2015-12-22 15:17:29','2018-02-11 19:55:13');
INSERT INTO COMPANIES (company_id,name,vat,phone,address_city,address_country,address_house_number,address_postalCode,address_street,updated_at,created_at) VALUES (61,'Ut Inc.','H49Q56LE61ZN','07 90 91 62 53','Pike Creek','Saint Martin',132,'79145','P.O. Box 919, 7489 Ut, Rd.','2015-09-27 01:17:27','2017-05-29 23:37:04'),(62,'Dui Quis Accumsan Foundation','W61U96EA72KL','09 68 96 74 45','Dornbirn','Bulgaria',169,'535224','P.O. Box 507, 5297 Quam, St.','2015-09-19 14:21:56','2017-04-07 07:49:39'),(63,'Risus Donec Consulting','L51I68KI52RF','09 62 04 07 03','Homburg','Cook Islands',104,'01299','709-8600 Nulla. Av.','2015-11-29 06:58:51','2016-08-17 09:57:01'),(64,'Est Arcu Company','V15H29ZD56AZ','09 48 59 18 61','Waitara','Yemen',26,'36369','Ap #402-2400 Vestibulum Rd.','2015-11-05 09:02:34','2017-04-17 22:05:22'),(65,'Eget LLC','Z46K23CY16DX','09 91 84 62 59','Ostra Vetere','Paraguay',60,'49147','Ap #171-209 Diam. Avenue','2015-10-27 23:42:21','2018-03-06 23:02:32'),(66,'Magna Suspendisse Tristique Corp.','I47H14LG45HX','07 66 78 64 96','Höchst','Oman',97,'70306','P.O. Box 973, 1609 Pede. Road','2016-01-23 18:34:09','2017-01-23 11:04:52'),(67,'Nec Ligula Consectetuer Corporation','M97L92VQ28RS','02 72 42 86 16','Spiere-Helkijn','Kazakhstan',45,'9596','P.O. Box 375, 977 Mauris. Av.','2015-10-20 21:35:35','2018-01-10 00:27:07'),(68,'Velit Aliquam Industries','Q41H82YG51HL','06 18 27 88 22','Vottem','Tonga',71,'56242-838','Ap #289-4477 Maecenas Ave','2015-09-19 01:19:55','2018-01-03 19:05:02'),(69,'Ac Foundation','F38W18GT37WS','01 77 98 58 63','Moen','Gibraltar',87,'18139','Ap #932-5258 Non Rd.','2015-11-08 20:13:20','2016-03-26 07:52:28'),(70,'Aliquam Nec Institute','T47L78LC57WZ','06 19 28 64 35','Kilmarnock','Sudan',149,'08211-750','Ap #348-6451 Sagittis Road','2016-01-17 09:19:29','2017-11-28 22:42:01');
INSERT INTO COMPANIES (company_id,name,vat,phone,address_city,address_country,address_house_number,address_postalCode,address_street,updated_at,created_at) VALUES (71,'Nec PC','Y58L47IM83BK','02 39 46 47 19','Zevekote','Mauritius',155,'60520','Ap #536-9085 Elit. Av.','2015-09-18 19:54:56','2018-01-20 21:03:14'),(72,'Scelerisque Mollis Phasellus Company','Q93Q49IM95WM','06 34 41 75 06','Lancaster','Honduras',102,'79512','P.O. Box 926, 5394 Libero. Street','2015-10-09 22:59:09','2018-02-22 19:10:20'),(73,'Egestas Aliquam Fringilla Foundation','T68D18RT67FI','03 48 67 77 84','Asnières-sur-Seine','Palestine, State of',8,'30-337','254-927 Mattis Avenue','2015-12-23 04:55:20','2017-07-31 20:14:02'),(74,'Quam Dignissim LLP','N65O24YS54VP','06 16 67 17 15','Vieste','Bolivia',92,'424702','548-252 Suspendisse Ave','2015-11-17 16:14:18','2016-07-19 06:11:10'),(75,'Parturient Montes Nascetur LLC','H79C16LE15AS','09 34 28 65 90','Mont-sur-Marchienne','Benin',53,'9892','P.O. Box 897, 2006 Elit, St.','2015-11-06 19:16:47','2017-09-12 04:11:53'),(76,'Ac LLP','N48T35XN87MW','04 60 09 49 70','Fairbanks','Haiti',12,'16152','P.O. Box 306, 154 Venenatis Rd.','2015-09-11 19:55:56','2018-02-05 10:45:42'),(77,'Varius Nam Porttitor Corporation','P13P74LF12PR','04 47 63 20 11','Frankenthal','Estonia',39,'9257','P.O. Box 342, 9494 Morbi Rd.','2015-11-20 08:25:40','2017-04-24 13:30:08'),(78,'Consequat PC','T67H74DV18HS','08 49 77 41 66','Prenzlau','American Samoa',85,'71015','8583 Orci St.','2015-11-20 16:34:48','2016-03-19 02:35:36'),(79,'Non PC','P16J91YG72LJ','06 40 94 28 15','Ahmadnagar','Rwanda',160,'H9C 2V2','P.O. Box 281, 3687 Mauris Av.','2016-01-14 03:58:06','2016-07-07 09:54:41'),(80,'Nisi Sem Corp.','Y72W74BB68OU','07 48 43 81 66','Kalgoorlie-Boulder','Christmas Island',96,'25534','Ap #261-1417 Proin St.','2015-11-06 00:41:45','2018-02-26 02:15:09');
INSERT INTO COMPANIES (company_id,name,vat,phone,address_city,address_country,address_house_number,address_postalCode,address_street,updated_at,created_at) VALUES (81,'Proin Dolor Industries','I58J74BL31EG','04 13 33 42 01','Inverness','Korea, North',147,'62839','1310 Sit Avenue','2015-11-11 10:14:56','2017-11-28 05:53:20'),(82,'Fusce Foundation','F63D68QD94JU','09 34 98 69 13','Wolfville','Canada',65,'5780','649-8504 Erat St.','2015-10-02 02:18:59','2016-07-24 06:07:21'),(83,'Etiam Laoreet Institute','Q78T82OC34FJ','02 38 13 22 61','Rathenow','Solomon Islands',114,'630774','927-9048 Sed Road','2015-12-11 23:51:45','2016-11-25 13:16:47'),(84,'Elit Sed Consequat PC','U92M38WT63GE','08 85 16 68 08','Motta Sant''Anastasia','Curaçao',73,'H4J 4R6','Ap #725-1544 Odio Rd.','2015-10-31 20:50:22','2017-05-03 08:58:06'),(85,'Donec Vitae Corporation','X44S31JK35ZD','04 12 65 94 02','Dunoon','Latvia',75,'40413','P.O. Box 396, 6136 Donec Rd.','2016-01-25 16:33:00','2018-02-28 04:32:08'),(86,'Risus Industries','J59Q61EN44PY','05 71 39 03 87','Zeitz','Ecuador',74,'0669MH','795-2228 At, St.','2015-10-04 03:06:56','2016-05-14 15:47:12'),(87,'Semper Rutrum Fusce Industries','H99W45DJ81BD','05 17 43 05 59','Stourbridge','Anguilla',34,'33599','9675 Nam Road','2015-10-10 22:30:11','2017-08-30 11:09:33'),(88,'Pretium Corp.','Q75E11XY88FP','08 06 20 66 44','Orange','South Sudan',71,'51214','P.O. Box 767, 283 Vitae, Avenue','2015-12-31 18:35:11','2017-10-14 07:16:49'),(89,'Libero Est Limited','Z12Q16GI28NA','09 93 09 86 76','Pirque','Swaziland',49,'63963','6563 Enim. Street','2015-11-23 16:13:53','2018-02-09 19:25:34'),(90,'Ultricies Ligula Corporation','Y61C46NY83LB','02 65 13 70 24','Beerse','Lebanon',3,'56282','P.O. Box 751, 6181 Dui, Rd.','2015-12-20 12:53:50','2017-01-26 02:04:57');
INSERT INTO COMPANIES (company_id,name,vat,phone,address_city,address_country,address_house_number,address_postalCode,address_street,updated_at,created_at) VALUES (91,'Condimentum Donec LLP','E54I94AV36PW','07 05 58 66 33','Nieuwmunster','Honduras',92,'58882','P.O. Box 589, 1609 Quam, St.','2015-09-19 09:49:54','2018-01-05 17:00:29'),(92,'Enim Suspendisse Incorporated','Q58H91HF63EZ','02 63 00 06 26','Bettiah','South Sudan',88,'606647','562-1069 Ultrices St.','2015-11-28 02:02:15','2017-11-20 19:08:21'),(93,'Cursus Diam At Ltd','O91Z38LN25PO','03 62 05 75 91','Weelde','Namibia',126,'K4B 5X1','Ap #585-1420 Lectus Avenue','2015-11-25 14:18:12','2017-11-26 17:54:40'),(94,'Donec Porttitor Limited','P12H75WV39YY','09 62 54 27 12','Habra','Turkey',133,'75979','698-4503 Tristique Road','2015-11-07 20:34:24','2016-12-14 05:54:04'),(95,'Aliquam Auctor Velit LLC','J51X35PA81VX','06 55 16 81 94','Tubeke Tubize','Lithuania',170,'KY4I 7ZP','Ap #983-3661 Amet, Avenue','2015-09-17 14:18:14','2017-10-21 08:12:31'),(96,'Vel Convallis Limited','Q85D52TF64UC','02 14 84 71 04','Chemnitz','Marshall Islands',149,'4253','758-5497 Ullamcorper St.','2015-09-14 03:48:27','2017-12-24 21:52:30'),(97,'Facilisis Eget Corp.','E42C51SC43ZP','06 84 43 44 77','Etroubles','Comoros',58,'03101','Ap #930-6632 Sapien Street','2015-10-23 04:28:17','2016-07-04 04:57:26'),(98,'Est Corp.','C72X85VH16RT','01 07 78 50 36','Capannori','San Marino',110,'136314','3593 Eu Road','2015-09-25 06:38:29','2016-05-19 06:16:39'),(99,'Augue Ut Lacus Institute','I68L22GR32EL','04 45 51 11 44','Auburn','Saint Martin',157,'63424','9175 Nam Rd.','2015-11-18 16:01:41','2016-09-19 09:33:49'),(100,'Proin Vel LLC','A68F73IM35KG','07 68 81 40 79','Outremont','Montserrat',13,'50438','Ap #576-773 Id Avenue','2015-09-05 08:55:32','2017-03-30 16:51:30');


INSERT INTO VEHICLE_TYPES (vehicletype_id,name) VALUES (1,'Persoonswagen'),(2,'Trekker'),(3,'Aanhangwagen'),(4,'Camionet'),(5,'Moto');


INSERT INTO ROLES (role_id,function,company_id,user_id,created_at,updated_at) VALUES (1,'BasicUSer',65,13,'2015-09-07 17:13:12','2018-01-18 10:46:24'),(2,'Supervisor',85,7,'2015-07-11 05:23:39','2016-06-16 08:06:19'),(3,'BasicUSer',79,55,'2016-01-28 00:00:40','2016-08-03 00:35:28'),(4,'BasicUSer',36,86,'2015-06-20 09:39:30','2017-09-13 19:15:43'),(5,'Admin',20,24,'2015-05-20 02:19:08','2017-10-16 04:26:06'),(6,'Supervisor',40,38,'2016-01-13 22:51:47','2017-02-03 04:42:19'),(7,'Supervisor',83,76,'2015-12-21 02:36:37','2017-09-11 16:27:22'),(8,'Admin',9,19,'2015-04-29 15:49:24','2017-02-26 08:50:39'),(9,'Admin',4,83,'2015-11-19 01:32:01','2017-05-16 09:27:03'),(10,'Supervisor',1,5,'2015-09-22 12:58:26','2016-11-07 00:59:33');
INSERT INTO ROLES (role_id,function,company_id,user_id,created_at,updated_at) VALUES (11,'Supervisor',42,55,'2015-07-04 04:49:35','2017-03-29 22:23:15'),(12,'Supervisor',21,22,'2016-02-12 03:13:13','2017-03-05 22:08:10'),(13,'BasicUSer',26,4,'2015-06-04 08:26:53','2016-10-16 01:37:34'),(14,'BasicUSer',74,30,'2015-08-23 01:51:14','2016-06-29 00:43:32'),(15,'Supervisor',20,45,'2016-02-10 10:42:19','2017-11-07 05:00:04'),(16,'BasicUSer',87,12,'2015-09-07 04:52:49','2017-07-06 19:14:53'),(17,'BasicUSer',7,47,'2015-04-06 02:05:41','2016-04-16 18:15:19'),(18,'BasicUSer',91,92,'2015-08-25 17:53:27','2016-04-07 20:10:31'),(19,'Admin',41,38,'2015-05-28 14:55:02','2016-06-02 14:22:36'),(20,'BasicUSer',38,13,'2015-06-13 19:21:57','2016-06-26 19:26:22');
INSERT INTO ROLES (role_id,function,company_id,user_id,created_at,updated_at) VALUES (21,'Supervisor',93,67,'2015-05-04 22:22:22','2017-10-07 23:58:06'),(22,'Admin',24,79,'2016-02-20 14:47:47','2017-09-07 02:49:37'),(23,'Admin',86,81,'2015-08-29 12:51:18','2017-05-23 22:13:14'),(24,'Supervisor',58,37,'2015-12-30 16:39:15','2017-02-12 05:47:16'),(25,'Supervisor',12,42,'2015-11-20 18:19:46','2017-09-09 23:13:19'),(26,'Supervisor',34,52,'2016-01-26 07:35:51','2016-11-11 02:22:46'),(27,'BasicUSer',78,81,'2015-07-18 20:59:35','2017-10-20 16:52:09'),(28,'Supervisor',68,88,'2015-05-14 18:24:33','2016-09-15 00:17:22'),(29,'Admin',12,50,'2015-10-20 04:58:41','2016-05-06 08:14:16'),(30,'Admin',52,90,'2015-03-25 15:56:01','2016-08-10 17:53:51');
INSERT INTO ROLES (role_id,function,company_id,user_id,created_at,updated_at) VALUES (31,'Supervisor',66,74,'2015-04-12 08:59:35','2016-04-05 09:59:52'),(32,'Supervisor',96,83,'2015-09-07 13:49:57','2018-01-12 01:01:46'),(33,'Supervisor',8,99,'2015-06-11 19:25:15','2018-02-06 22:12:43'),(34,'Admin',45,33,'2015-07-23 19:41:27','2017-07-12 20:16:44'),(35,'Supervisor',47,15,'2015-07-10 08:33:50','2017-09-03 14:41:30'),(36,'BasicUSer',96,50,'2015-04-22 15:10:37','2016-08-12 11:45:55'),(37,'Admin',95,7,'2016-02-01 04:33:57','2017-01-18 07:29:58'),(38,'Admin',31,19,'2015-11-07 15:16:31','2017-01-15 08:47:42'),(39,'BasicUSer',83,67,'2015-04-25 20:27:06','2016-03-22 23:48:09'),(40,'BasicUSer',99,93,'2015-03-23 07:04:07','2016-06-21 05:16:16');
INSERT INTO ROLES (role_id,function,company_id,user_id,created_at,updated_at) VALUES (41,'Supervisor',27,67,'2015-08-07 08:30:27','2016-09-08 03:08:59'),(42,'BasicUSer',51,87,'2015-07-13 11:13:00','2016-03-29 07:27:16'),(43,'Admin',100,26,'2016-01-27 18:29:13','2018-03-06 17:39:37'),(44,'Supervisor',82,52,'2015-07-16 01:51:23','2017-11-16 15:21:41'),(45,'BasicUSer',97,8,'2015-12-19 12:43:58','2016-07-28 15:47:54'),(46,'Admin',88,21,'2016-02-04 15:41:01','2017-02-26 13:38:01'),(47,'Admin',60,31,'2015-05-23 15:26:51','2017-12-15 10:30:48'),(48,'BasicUSer',32,83,'2016-01-17 03:17:54','2016-04-26 03:26:43'),(49,'BasicUSer',34,91,'2016-01-14 16:14:08','2018-02-24 22:22:31'),(50,'Supervisor',68,9,'2015-06-27 10:46:13','2016-06-29 20:57:10');
INSERT INTO ROLES (role_id,function,company_id,user_id,created_at,updated_at) VALUES (51,'Supervisor',80,48,'2015-10-27 18:41:12','2016-09-01 14:33:36'),(52,'Supervisor',82,36,'2015-10-11 03:57:25','2018-03-05 18:23:15'),(53,'BasicUSer',57,80,'2015-05-05 11:29:33','2016-09-23 14:50:39'),(54,'Admin',31,6,'2015-09-08 01:23:51','2018-01-22 20:03:23'),(55,'BasicUSer',64,83,'2015-06-29 19:27:05','2017-06-01 03:35:56'),(56,'Admin',76,42,'2015-12-31 05:50:54','2016-10-04 08:10:57'),(57,'Supervisor',66,85,'2015-03-27 01:57:17','2017-07-11 16:33:25'),(58,'Supervisor',83,5,'2015-08-25 06:52:25','2016-04-16 04:26:23'),(59,'BasicUSer',95,86,'2015-08-26 03:28:46','2017-03-22 14:49:25'),(60,'Admin',74,9,'2015-10-11 18:37:39','2017-05-16 11:50:14');
INSERT INTO ROLES (role_id,function,company_id,user_id,created_at,updated_at) VALUES (61,'Supervisor',29,16,'2015-07-14 22:56:47','2016-09-01 23:57:11'),(62,'BasicUSer',45,36,'2016-01-13 04:58:50','2017-01-30 21:03:10'),(63,'BasicUSer',16,72,'2016-02-12 16:25:13','2016-04-24 17:31:29'),(64,'Supervisor',32,59,'2015-10-28 21:58:44','2017-02-04 13:26:55'),(65,'BasicUSer',55,18,'2015-05-04 21:39:46','2016-10-19 11:09:05'),(66,'Admin',72,49,'2015-10-12 03:22:14','2016-07-08 22:52:52'),(67,'Admin',82,71,'2016-02-19 09:15:43','2017-01-16 16:16:40'),(68,'Admin',97,36,'2015-11-01 19:17:18','2017-12-05 09:12:42'),(69,'BasicUSer',58,40,'2015-12-15 08:38:52','2017-09-26 03:58:15'),(70,'Supervisor',34,65,'2015-04-25 00:16:40','2017-08-25 23:47:20');
INSERT INTO ROLES (role_id,function,company_id,user_id,created_at,updated_at) VALUES (71,'Supervisor',3,3,'2016-02-08 03:00:43','2017-05-03 22:42:07'),(72,'BasicUSer',92,45,'2015-09-11 01:48:48','2017-11-27 21:27:49'),(73,'Supervisor',38,35,'2015-11-26 17:24:31','2018-02-16 15:28:18'),(74,'Admin',72,88,'2016-01-30 10:48:35','2016-03-25 03:16:24'),(75,'BasicUSer',29,43,'2015-06-10 06:39:02','2016-05-17 00:59:17'),(76,'Supervisor',29,31,'2015-06-28 00:35:30','2016-03-16 07:30:54'),(77,'BasicUSer',16,42,'2016-01-09 00:22:59','2017-07-28 14:15:03'),(78,'Admin',37,44,'2015-05-02 16:23:09','2016-06-02 22:46:47'),(79,'Supervisor',72,11,'2015-12-04 05:29:18','2016-05-17 01:50:16'),(80,'Supervisor',64,40,'2016-02-15 17:45:29','2017-10-21 01:52:46');
INSERT INTO ROLES (role_id,function,company_id,user_id,created_at,updated_at) VALUES (81,'Admin',64,21,'2015-05-12 19:18:15','2016-08-24 05:23:26'),(82,'Supervisor',39,43,'2016-02-16 17:59:20','2017-02-03 14:04:25'),(83,'BasicUSer',86,1,'2016-01-18 15:13:59','2017-07-24 16:31:41'),(84,'BasicUSer',47,4,'2015-09-16 08:49:16','2017-02-02 03:47:20'),(85,'Supervisor',60,9,'2015-07-14 21:16:52','2017-04-25 09:48:04'),(86,'Supervisor',41,39,'2015-09-05 08:41:26','2018-01-06 13:45:13'),(87,'BasicUSer',10,21,'2015-05-17 04:36:38','2016-03-27 00:59:19'),(88,'Supervisor',88,66,'2015-07-17 17:23:04','2017-11-05 17:45:12'),(89,'BasicUSer',23,93,'2015-06-02 15:10:08','2017-03-14 02:41:51'),(90,'BasicUSer',76,15,'2015-08-20 03:05:28','2017-04-10 10:44:11');
INSERT INTO ROLES (role_id,function,company_id,user_id,created_at,updated_at) VALUES (91,'Admin',67,4,'2015-10-21 22:50:50','2017-11-07 22:24:24'),(92,'Admin',5,37,'2015-04-14 01:17:54','2016-12-15 21:36:30'),(93,'Supervisor',17,79,'2015-10-21 07:24:25','2017-07-11 19:06:22'),(94,'BasicUSer',10,30,'2015-11-13 21:09:11','2017-09-28 23:16:33'),(95,'BasicUSer',24,73,'2015-05-05 08:54:03','2016-06-25 10:56:52'),(96,'Supervisor',79,90,'2015-10-26 13:26:20','2017-09-18 15:42:11'),(97,'Admin',57,96,'2016-02-27 10:47:56','2017-06-07 19:31:45'),(98,'BasicUSer',60,58,'2016-01-27 09:42:31','2017-09-06 17:10:51'),(99,'Admin',28,25,'2015-11-15 11:39:45','2016-04-05 20:21:10'),(100,'Admin',55,13,'2015-12-02 05:34:16','2016-06-03 04:34:24');



INSERT INTO VEHICLES (vehicle_id,license_plate,chassis_number,model,kilometer_count,year,leasing_company_id,value,brand,vehicletype_id,updated_at,created_at) VALUES (1,'1-IKR-795','I85K66OH72VD','RLH28YTM7GU',278625,2004,20,51418,'Audi',3,'2015-12-13 05:09:40','2017-09-27 10:32:59'),(2,'1-AOP-124','L96U37PM44XQ','TXV75WNS1ZV',219284,2005,33,55618,'Audi',3,'2016-01-16 04:39:19','2017-06-26 22:33:40'),(3,'1-KZK-146','S72T19ZF92TW','ZPP76APY9TS',384999,2009,27,26004,'Skoda',4,'2015-10-30 00:23:20','2016-08-17 00:13:29'),(4,'1-CMG-951','O69S38QE49FT','THA91EVV3YB',386496,1993,24,42264,'Volkswagen',2,'2015-09-19 16:12:09','2017-03-02 00:30:02'),(5,'1-AAR-271','T23O22IW14EZ','OUZ72ANO5CU',376239,2000,21,7746,'Skoda',3,'2015-12-14 13:09:13','2016-08-15 20:40:47'),(6,'1-ZVD-292','J55F76CK47TI','MFO58TSR7HA',192977,2002,23,54596,'Citroën',2,'2015-12-07 09:23:38','2016-07-27 13:33:00'),(7,'1-JOT-885','K52Y61QQ54MF','QYH00UEE3OR',238043,2014,48,8258,'Citroën',4,'2015-10-17 21:58:57','2017-08-05 08:24:27'),(8,'1-OGB-984','W68Y64BG52WE','AQH56HBR6MV',231196,1997,35,53836,'Skoda',1,'2015-12-25 23:41:08','2017-01-31 01:55:57'),(9,'1-JSZ-967','K56T51RT39KX','ZGN54BFG1VR',235474,1994,38,24176,'Citroën',2,'2015-11-25 12:49:25','2017-08-11 22:07:00'),(10,'1-SNW-653','N84P57VU14HT','CSU66CJY5EH',355100,1997,12,52859,'Citroën',3,'2015-09-12 04:46:04','2018-02-20 23:29:25');
INSERT INTO VEHICLES (vehicle_id,license_plate,chassis_number,model,kilometer_count,year,leasing_company_id,value,brand,vehicletype_id,updated_at,created_at) VALUES (11,'1-PGD-771','F35V82ZC79OB','BED04KIU1US',104085,2002,48,11027,'Mercedes',3,'2015-11-22 01:49:06','2017-10-23 23:18:53'),(12,'1-QEA-419','E19V79TX33WI','ZDL82VYS9CS',152954,2000,32,8763,'Audi',4,'2015-11-24 10:20:44','2016-10-13 06:14:17'),(13,'1-SGU-568','O37C63JK62TS','JEY66YHV4WD',267982,2011,19,55210,'Citroën',2,'2015-10-21 13:55:11','2016-12-18 12:42:22'),(14,'1-URW-168','F21N83UO38IQ','NWU66MWC7XC',392013,2006,22,51944,'Audi',3,'2015-09-26 21:18:02','2016-09-21 00:20:23'),(15,'1-NEF-584','M23W32EE91RQ','WGD38SOB4HV',343499,2011,40,20804,'Skoda',3,'2016-01-17 22:08:18','2017-01-10 01:18:37'),(16,'1-UDR-413','I73S88LH79GO','BJC05VZB2LY',223665,1998,16,35583,'Citroën',2,'2015-10-27 19:10:10','2016-04-27 23:47:05'),(17,'1-AUO-465','M69T96EX78HV','LQE16UBQ2WY',122264,2002,31,13683,'Mercedes',2,'2015-12-29 11:09:12','2017-01-16 10:27:19'),(18,'1-ZJA-869','A86O96TS87TY','EBA30SRB4PU',114622,2014,26,63,'Mercedes',2,'2015-10-28 18:29:50','2016-12-04 13:17:32'),(19,'1-ZOB-494','E44E65PT35VI','SMP27HDU2FE',292067,2008,43,51135,'Mercedes',3,'2015-12-07 19:07:09','2017-05-23 09:49:42'),(20,'1-QSD-579','U78A94SH54LA','FUZ50NYZ3PV',119338,1992,16,49156,'Audi',2,'2015-09-15 05:01:30','2017-07-16 18:05:04');
INSERT INTO VEHICLES (vehicle_id,license_plate,chassis_number,model,kilometer_count,year,leasing_company_id,value,brand,vehicletype_id,updated_at,created_at) VALUES (21,'1-URD-199','L67G62EB45DA','WPM68TQP5SJ',46910,2010,2,2761,'Mercedes',5,'2015-09-26 02:53:11','2016-04-02 10:49:53'),(22,'1-ZNZ-664','B24G87TI39YH','OUW90ZMA9HG',269925,1996,9,54763,'Skoda',4,'2015-11-19 05:10:32','2018-01-20 06:46:51'),(23,'1-MPV-163','I62G18BP54KZ','KOL87AGJ9KK',228474,2003,40,15186,'Mercedes',5,'2015-09-15 20:52:22','2018-01-10 21:46:32'),(24,'1-FQK-221','P52W91NW61PQ','NTI55CYI1RH',276311,1992,38,17730,'Audi',4,'2015-10-02 18:25:12','2017-06-06 18:26:21'),(25,'1-RKW-333','J48R84SF26VG','XVC17DQJ9NI',298686,2003,8,9352,'Skoda',2,'2015-12-07 05:08:39','2018-01-22 23:26:36'),(26,'1-LTT-748','Y92U46IO53QC','XVW71QPK3TF',84901,1994,18,2783,'Skoda',1,'2016-01-30 14:58:02','2017-05-27 20:39:13'),(27,'1-USO-474','O76P93QX45GP','XKR82UIU8MZ',229444,2006,12,43507,'Skoda',1,'2016-01-07 07:03:09','2016-10-02 13:37:53'),(28,'1-YTP-734','T98K98BE63MF','IOK42XPD1GN',60968,2014,11,48210,'Audi',5,'2016-01-27 19:45:03','2016-08-11 22:24:07'),(29,'1-XSA-362','Y28D41BK62DG','HVM84IKE5CP',164248,2008,42,7155,'Golf',4,'2015-09-27 10:43:54','2016-09-25 02:51:20'),(30,'1-RII-767','V16G32YN64ZL','KXW49LFJ6SQ',152110,2008,17,52725,'Mercedes',5,'2015-10-04 12:43:19','2018-02-09 04:01:40');
INSERT INTO VEHICLES (vehicle_id,license_plate,chassis_number,model,kilometer_count,year,leasing_company_id,value,brand,vehicletype_id,updated_at,created_at) VALUES (31,'1-IYC-518','W75U88ZS62WZ','MOY10ZVE4TG',228917,2005,26,27012,'Audi',1,'2016-01-24 13:59:52','2016-06-04 14:04:51'),(32,'1-YLQ-166','Y18K72ZT13ZU','EEP01GDI1BR',271993,1993,1,58514,'Citroën',1,'2015-10-29 01:13:58','2017-09-23 06:18:49'),(33,'1-DWE-463','Q19B81AT68KI','AEE29LRF4VP',86913,2002,9,35278,'Audi',2,'2015-12-20 13:01:28','2018-01-09 23:19:33'),(34,'1-YJR-926','A58Q16TF91NW','FTB49MGF1LF',194033,2006,50,19691,'Volkswagen',5,'2015-09-20 03:16:47','2017-11-21 10:17:29'),(35,'1-NHS-392','Z29R91NN82SK','FWV85UDF4ES',245768,2008,10,37903,'Skoda',3,'2015-11-15 13:04:53','2017-07-18 11:56:40'),(36,'1-LLI-642','N93E72XC15YL','WQJ98IEX7YB',73579,1998,43,47037,'Skoda',4,'2016-01-14 01:33:45','2017-04-16 21:17:53'),(37,'1-FWV-512','U84B22PG58PY','UNB90GVW0SW',24888,1992,22,1534,'Volkswagen',4,'2015-09-13 02:54:49','2018-02-03 21:29:34'),(38,'1-BMU-464','I71Q87DG45YO','QYX26GUY2UT',319995,2010,20,42988,'Audi',5,'2015-11-21 09:14:04','2017-10-04 05:42:14'),(39,'1-KDS-982','T29R72GJ85OO','WHR12LWT8HY',246525,2011,30,46374,'Golf',2,'2015-09-17 02:28:08','2016-07-07 01:39:01'),(40,'1-BMX-859','D71S26EM33UH','XBH58EXF5NA',240739,1999,9,49457,'Skoda',1,'2015-11-08 19:30:27','2016-10-08 13:54:27');
INSERT INTO VEHICLES (vehicle_id,license_plate,chassis_number,model,kilometer_count,year,leasing_company_id,value,brand,vehicletype_id,updated_at,created_at) VALUES (41,'1-GHL-266','E99F13QZ28LV','RZK11VWL1SE',5347,2007,4,45142,'Golf',3,'2015-10-19 02:38:14','2017-11-06 11:48:19'),(42,'1-KSP-316','P91E83LV44QA','ORQ31DXX0NW',335794,1999,10,17405,'Volkswagen',3,'2016-01-08 01:17:47','2016-06-20 04:08:24'),(43,'1-QBG-677','E73C78LY85VM','LAD75SQL4AN',344089,2011,25,39221,'Volkswagen',1,'2015-12-09 03:17:03','2017-11-14 13:02:18'),(44,'1-ODZ-589','H16P67BN33JY','LCL86PQK0CZ',121406,1991,10,37622,'Golf',3,'2015-11-28 04:30:34','2016-08-10 00:31:55'),(45,'1-SDO-721','Q27M59MB82XH','GNV46DBD8QT',73382,2007,44,27064,'Volkswagen',3,'2015-09-28 15:25:12','2017-05-14 05:05:15'),(46,'1-TUA-332','A36Q44PH12XA','UOI30GRN4DN',270937,1990,15,5805,'Golf',3,'2016-01-24 07:13:32','2017-06-05 20:58:58'),(47,'1-VLI-624','C94I56SL45KQ','SIN78XPX4AT',93865,1991,6,28925,'Volkswagen',1,'2015-09-19 08:32:18','2017-08-01 06:44:52'),(48,'1-SYF-515','P73B95IV35RS','IES52WJP6HU',89092,2006,24,51813,'Citroën',3,'2015-10-23 14:32:16','2016-12-12 15:46:04'),(49,'1-MSA-353','E37O42YU71IF','BLS70EET4UH',295587,2011,50,3348,'Mercedes',1,'2015-09-20 12:22:45','2017-02-07 03:15:26'),(50,'1-VWQ-968','B81N24YN98QA','OLN13KPP8OX',30236,2000,26,15715,'Audi',4,'2015-12-18 02:15:05','2017-08-02 19:37:13');
INSERT INTO VEHICLES (vehicle_id,license_plate,chassis_number,model,kilometer_count,year,leasing_company_id,value,brand,vehicletype_id,updated_at,created_at) VALUES (51,'1-TKH-525','B47U29LR13IW','FYY43CGU9LB',68641,2015,42,48550,'Citroën',1,'2016-01-25 10:20:42','2018-03-01 01:48:25'),(52,'1-TYH-245','A52G31UX32KZ','QKG36POW0KG',159824,1994,1,28745,'Volkswagen',2,'2015-12-30 08:36:23','2016-08-19 03:31:50'),(53,'1-DAF-494','C96J57HC98WY','ZMB14LPQ4LC',51635,2012,26,48032,'Audi',5,'2015-12-28 09:45:55','2017-04-30 20:36:23'),(54,'1-VGW-911','U53S12HJ97UF','HIR64DLV0ZA',233417,2009,25,58,'Volkswagen',1,'2015-09-02 14:02:44','2017-08-27 20:41:27'),(55,'1-PTZ-363','Q17S49GP65IX','CMO36LOI4AX',158508,2015,39,33553,'Audi',4,'2016-02-02 09:25:56','2016-08-20 22:13:51'),(56,'1-BCB-626','F92D43FT31SI','PGQ67BDO2WV',53633,2015,7,47960,'Skoda',3,'2015-10-10 05:52:52','2018-01-24 23:02:51'),(57,'1-OWW-869','X43U33NL85DE','DWV08ADJ5RB',42890,2004,23,56116,'Volkswagen',4,'2015-10-11 02:28:08','2017-12-03 05:31:17'),(58,'1-XNY-937','D23I19FN36RB','UOJ44OLQ4PK',286922,2000,39,10409,'Mercedes',3,'2015-09-25 14:24:09','2017-04-03 19:37:37'),(59,'1-ABS-439','J71T99XB94CX','WZF06TOT9FQ',6135,1997,4,4771,'Mercedes',1,'2015-11-29 05:18:52','2017-05-25 11:57:30'),(60,'1-DSR-658','F79Z68UF55SR','NLZ67GFO7GZ',255313,2010,24,13925,'Audi',3,'2015-09-07 01:42:58','2016-06-04 14:34:27');
INSERT INTO VEHICLES (vehicle_id,license_plate,chassis_number,model,kilometer_count,year,leasing_company_id,value,brand,vehicletype_id,updated_at,created_at) VALUES (61,'1-XAH-815','R42O91XE37RI','MRQ80JMT5IU',318887,1996,50,2047,'Mercedes',3,'2016-01-31 00:02:30','2017-07-16 10:06:54'),(62,'1-ZOE-461','I37O65KD84IA','IAP03XZW5YG',49471,2008,1,58508,'Mercedes',3,'2015-10-05 10:55:28','2016-09-25 13:58:42'),(63,'1-QAE-327','S83Z55YZ91LX','YJZ89OYV0FT',172744,2015,19,55808,'Volkswagen',5,'2016-01-01 18:26:45','2016-06-01 13:40:42'),(64,'1-OFL-249','Q19H13ZJ26RQ','VOV02YZW4GY',124004,1995,13,54291,'Audi',3,'2016-01-21 00:02:27','2016-11-25 09:45:09'),(65,'1-AZV-324','A89G46QJ48ZM','PKR33GWQ3MN',252407,1991,18,57462,'Mercedes',3,'2016-01-10 22:09:10','2016-06-02 13:12:07'),(66,'1-RGP-599','V37M55FJ35MJ','RDB74EQB0JU',120968,1991,18,41470,'Audi',3,'2015-09-20 17:07:56','2016-03-14 05:41:09'),(67,'1-VGX-641','G15C94UO76YB','PPQ16MNW8EA',95769,1995,15,33642,'Volkswagen',4,'2016-01-01 15:53:22','2016-08-04 21:37:19'),(68,'1-TIM-981','D14S74CV36FK','ZDL09IXH1UO',386691,1999,4,53506,'Volkswagen',5,'2015-10-17 01:56:00','2016-12-01 19:36:41'),(69,'1-BTY-927','W32G34KW73SC','OEI17CLN8NO',276713,2005,2,54689,'Citroën',2,'2015-11-15 15:58:22','2017-05-14 10:59:04'),(70,'1-NBG-787','J55C63XB13TX','NFZ33ORE7WM',269716,1990,47,44307,'Golf',5,'2015-09-22 17:40:00','2016-06-09 02:03:53');
INSERT INTO VEHICLES (vehicle_id,license_plate,chassis_number,model,kilometer_count,year,leasing_company_id,value,brand,vehicletype_id,updated_at,created_at) VALUES (71,'1-MSM-282','X52X51WZ52WZ','CFF31SNO3LX',219443,2010,48,28342,'Volkswagen',1,'2015-10-04 02:39:58','2016-12-02 14:45:48'),(72,'1-VCO-741','Q26K36ER61RV','SAP95PGQ4FP',21216,2002,44,2644,'Audi',2,'2015-11-01 08:09:08','2017-06-05 06:23:39'),(73,'1-EQD-341','U26X65ZH88HK','MLJ91VYK6KQ',91542,2010,39,57276,'Mercedes',2,'2015-09-22 14:32:47','2016-11-25 07:48:14'),(74,'1-IFB-291','Z85C29XQ79ET','XUI60SEX9DL',265866,1997,29,21150,'Audi',5,'2015-09-15 14:43:00','2018-02-21 11:33:57'),(75,'1-CBO-958','Y83K42QP35ML','UWH39EXA4HG',161141,2013,14,34337,'Citroën',1,'2015-09-03 12:04:00','2017-07-13 10:57:40'),(76,'1-XJJ-678','M72G45ID37RP','WID73RRO6NK',374490,2005,20,10724,'Volkswagen',3,'2015-10-28 17:37:39','2016-08-18 22:08:15'),(77,'1-XQP-552','P34Z68QS59AM','KXU11APP8HP',158703,1999,32,32239,'Volkswagen',3,'2015-11-18 08:08:48','2017-02-25 16:53:47'),(78,'1-YVN-596','F86E12GA13IK','PYS96VTC4AA',158779,1991,25,40548,'Citroën',4,'2015-09-07 14:32:41','2017-10-10 16:25:46'),(79,'1-UPZ-672','K63J88VP29YO','NIC97BVL3CF',20354,2013,49,59487,'Mercedes',3,'2015-11-12 01:07:18','2017-03-12 06:37:46'),(80,'1-LFJ-916','P34N81RY42AY','HSE84KQS6VW',328206,2001,37,46983,'Skoda',3,'2015-09-18 13:43:48','2017-11-18 06:50:00');
INSERT INTO VEHICLES (vehicle_id,license_plate,chassis_number,model,kilometer_count,year,leasing_company_id,value,brand,vehicletype_id,updated_at,created_at) VALUES (81,'1-AVP-475','B28T94WZ97BL','ZNK49KYH8YI',248079,1994,48,42785,'Citroën',4,'2015-09-06 18:46:06','2016-11-21 23:20:13'),(82,'1-RCM-142','D57V58YF75LE','ZDM66QJQ7II',24829,1997,6,31483,'Citroën',2,'2015-09-27 20:08:07','2017-03-11 20:01:03'),(83,'1-OXO-287','B11R89FL24EJ','ZJR83HFM3DX',287245,2000,47,32960,'Mercedes',2,'2015-11-27 16:15:27','2016-11-15 08:34:04'),(84,'1-ZIL-986','K31Q14IX68GA','DSD93OEG8WH',347980,1995,18,35407,'Citroën',1,'2015-09-06 16:02:06','2017-10-31 05:11:35'),(85,'1-YAV-716','Y68O24EP92BD','DNC20YBO2VQ',385237,2015,36,38085,'Skoda',2,'2015-09-17 08:27:12','2016-08-15 10:39:25'),(86,'1-URG-199','A98S26NT98TR','RJV99IUC6XG',256399,2012,29,26870,'Mercedes',3,'2016-01-11 09:58:29','2017-07-04 14:27:50'),(87,'1-XPY-381','Z13S38RU85LP','NPD48OQY7QI',377174,1992,50,50536,'Citroën',3,'2015-11-30 16:26:06','2017-09-15 03:13:29'),(88,'1-LJW-169','F92T98KG21IP','NLO95PRL2BY',304838,1999,2,33748,'Mercedes',4,'2015-12-30 15:20:55','2017-06-19 02:21:41'),(89,'1-HDM-912','V84W44HD64PS','NHP23HLD4DJ',83436,1999,15,57466,'Citroën',1,'2015-10-17 20:42:42','2017-06-01 15:42:25'),(90,'1-EXC-851','Y42J58KD49TM','MTY14YYA6RO',255947,2003,31,24109,'Skoda',2,'2015-09-07 09:04:06','2016-10-06 07:31:32');
INSERT INTO VEHICLES (vehicle_id,license_plate,chassis_number,model,kilometer_count,year,leasing_company_id,value,brand,vehicletype_id,updated_at,created_at) VALUES (91,'1-FYS-582','P69I15TX78DB','EGB85LEB9DE',275241,1996,14,12786,'Skoda',5,'2015-09-12 21:28:21','2016-03-14 16:53:41'),(92,'1-XMY-985','X69U42MK76QG','TGF94HQS1HV',324774,1996,44,17523,'Skoda',1,'2015-12-07 09:53:35','2017-04-03 23:45:10'),(93,'1-FHJ-743','F91V49HZ84BV','OUH37WJB5DP',189885,2000,2,45909,'Mercedes',3,'2015-12-28 02:30:10','2016-11-21 00:51:12'),(94,'1-ANE-938','C37W42IR81EU','YHA10VCD3AR',306204,2011,13,22766,'Mercedes',5,'2015-11-17 00:27:12','2018-02-15 19:16:04'),(95,'1-ISC-128','O17O28ZJ63YN','XSC73EEN4PV',141880,1999,10,6055,'Skoda',3,'2015-09-06 12:12:42','2017-11-08 02:22:29'),(96,'1-HKF-653','E35Z22UZ12TS','RZK11JQX2AU',209297,2014,14,31854,'Skoda',3,'2015-10-17 01:30:48','2018-02-10 06:28:46'),(97,'1-ECG-681','V62U35FV17QZ','HYL53LHP2EE',9560,2008,26,39958,'Citroën',5,'2016-01-25 17:18:00','2016-03-18 01:28:45'),(98,'1-HBE-688','B58P63SC72KJ','RZG76IDY0GF',115528,2005,33,27133,'Golf',2,'2015-11-02 10:58:44','2016-05-06 10:58:27'),(99,'1-JYM-824','X48R99VY62YY','WML31JSS9JI',213547,2002,36,49679,'Citroën',5,'2016-01-13 04:41:16','2016-11-23 15:37:47'),(100,'1-WKF-647','C97Q54WW19DK','DHT37BYF9YX',4790,2010,23,48740,'Mercedes',3,'2015-09-08 14:10:16','2017-07-13 21:42:11');


INSERT INTO FLEETS (fleet_id,company_id,name,updated_at,created_at) VALUES (1,56,' Leasingwagens ','2015-10-11 05:48:39','2017-11-01 01:22:30'),(2,85,' Leasingwagens ','2015-09-27 01:31:01','2016-06-17 08:10:44'),(3,91,'Vracht ','2015-12-17 04:32:24','2016-07-11 20:26:16'),(4,67,' Persoonswagens ','2016-01-02 15:27:29','2017-02-03 22:00:58'),(5,99,'Vracht ','2015-12-22 04:12:02','2017-07-21 21:22:31'),(6,81,' Trekkers','2015-11-11 03:48:29','2017-11-01 11:08:15'),(7,73,' Persoonswagens ','2015-09-20 10:48:03','2016-06-26 04:55:06'),(8,54,'Vracht ','2015-11-22 10:40:52','2017-07-10 00:07:02'),(9,74,' Persoonswagens ','2015-11-28 13:33:52','2018-02-12 09:18:30'),(10,88,'Vracht ','2016-02-02 14:46:16','2017-05-04 17:18:10');
INSERT INTO FLEETS (fleet_id,company_id,name,updated_at,created_at) VALUES (11,82,' Trekkers','2015-10-08 08:01:26','2016-12-23 10:39:54'),(12,92,' Persoonswagens ','2016-01-22 02:45:35','2018-01-06 09:48:38'),(13,94,'Vracht ','2015-11-15 21:45:03','2017-12-20 08:58:25'),(14,73,' Trekkers','2015-10-21 05:38:19','2016-04-07 01:29:21'),(15,53,' Persoonswagens ','2015-10-27 17:31:11','2016-07-10 22:05:09'),(16,99,' Trekkers','2015-11-02 10:07:04','2017-12-08 11:05:30'),(17,71,'Vracht ','2015-12-07 21:46:37','2017-04-24 03:08:38'),(18,82,' Persoonswagens ','2015-11-08 23:41:42','2016-08-04 06:30:29'),(19,94,' Persoonswagens ','2015-09-21 18:27:30','2017-07-06 16:57:59'),(20,55,'Vracht ','2015-09-17 09:19:56','2016-09-02 02:24:38');
INSERT INTO FLEETS (fleet_id,company_id,name,updated_at,created_at) VALUES (21,54,'Vracht ','2016-02-01 09:03:22','2017-05-18 20:15:15'),(22,94,'Vracht ','2015-12-15 20:33:41','2016-08-02 23:58:20'),(23,88,' Trekkers','2015-10-27 18:10:46','2016-08-26 21:50:09'),(24,54,' Trekkers','2015-12-09 17:26:22','2018-01-31 13:16:13'),(25,64,' Trekkers','2015-10-12 08:49:58','2016-07-14 11:44:39'),(26,65,' Leasingwagens ','2015-11-16 19:33:05','2017-12-05 09:39:52'),(27,81,' Leasingwagens ','2015-09-20 18:34:19','2018-03-11 23:04:54'),(28,84,' Persoonswagens ','2015-09-05 10:35:40','2017-04-21 10:47:22'),(29,61,' Leasingwagens ','2015-09-20 09:08:37','2017-09-22 03:04:24'),(30,93,' Persoonswagens ','2015-09-30 10:09:37','2016-08-24 14:51:58');
INSERT INTO FLEETS (fleet_id,company_id,name,updated_at,created_at) VALUES (31,72,'Vracht ','2015-10-26 19:39:16','2016-12-21 14:46:56'),(32,63,' Persoonswagens ','2016-01-19 03:43:00','2017-05-16 00:07:39'),(33,89,' Trekkers','2015-11-05 18:19:00','2017-10-03 13:52:57'),(34,92,' Persoonswagens ','2015-09-18 04:29:25','2017-02-17 02:17:00'),(35,54,' Persoonswagens ','2015-10-14 01:14:54','2017-02-14 14:55:19'),(36,90,'Vracht ','2016-01-24 00:12:22','2017-11-19 16:39:51'),(37,51,' Persoonswagens ','2016-01-11 17:57:30','2017-12-05 14:40:45'),(38,91,' Trekkers','2015-12-08 12:54:34','2016-12-27 01:02:06'),(39,99,' Leasingwagens ','2015-10-25 23:37:33','2017-06-19 00:55:24'),(40,91,' Leasingwagens ','2015-12-22 15:39:23','2017-12-10 12:21:30');
INSERT INTO FLEETS (fleet_id,company_id,name,updated_at,created_at) VALUES (41,57,'Vracht ','2015-11-14 19:59:50','2016-09-25 17:04:43'),(42,80,' Trekkers','2016-01-26 15:03:18','2017-09-03 13:41:47'),(43,95,'Vracht ','2016-01-21 02:28:47','2016-10-04 21:03:53'),(44,55,'Vracht ','2015-10-06 05:13:19','2017-08-24 09:53:31'),(45,74,' Persoonswagens ','2016-01-22 22:27:35','2016-04-12 14:40:32'),(46,57,' Trekkers','2016-01-16 10:53:38','2016-06-13 15:11:51'),(47,80,' Leasingwagens ','2015-09-17 11:01:39','2016-07-24 05:11:32'),(48,81,' Trekkers','2016-01-13 22:23:28','2017-09-25 01:57:38'),(49,100,' Leasingwagens ','2015-09-18 07:40:21','2017-10-19 07:18:18'),(50,66,' Trekkers','2015-09-12 12:15:32','2017-07-10 05:29:44');
INSERT INTO FLEETS (fleet_id,company_id,name,updated_at,created_at) VALUES (51,94,' Persoonswagens ','2015-11-26 08:47:32','2017-05-10 14:40:09'),(52,78,' Leasingwagens ','2015-12-17 04:21:11','2018-01-24 00:21:04'),(53,73,'Vracht ','2015-12-24 07:26:25','2016-10-19 17:32:15'),(54,64,' Leasingwagens ','2015-09-12 09:30:22','2017-01-30 13:16:19'),(55,63,' Persoonswagens ','2015-09-18 03:30:13','2017-06-09 22:02:56'),(56,95,' Trekkers','2015-10-10 16:46:57','2017-09-07 18:05:54'),(57,61,' Trekkers','2015-12-09 07:51:32','2017-11-30 07:44:51'),(58,76,' Leasingwagens ','2015-10-22 04:57:04','2017-03-30 20:31:51'),(59,71,' Persoonswagens ','2015-10-23 19:11:43','2017-08-28 18:52:54'),(60,72,'Vracht ','2015-12-21 19:15:51','2017-08-05 04:10:02');
INSERT INTO FLEETS (fleet_id,company_id,name,updated_at,created_at) VALUES (61,86,' Leasingwagens ','2015-10-22 20:48:01','2017-05-15 19:46:08'),(62,73,' Trekkers','2015-12-24 10:25:08','2017-06-08 21:43:43'),(63,80,' Leasingwagens ','2016-01-02 18:34:55','2017-11-24 20:34:30'),(64,95,'Vracht ','2015-11-13 22:51:26','2016-06-30 05:13:24'),(65,55,' Persoonswagens ','2015-12-30 19:12:36','2017-12-03 21:31:52'),(66,78,' Trekkers','2015-10-07 10:55:30','2016-08-27 22:14:56'),(67,57,' Trekkers','2016-01-27 00:20:49','2017-11-02 04:56:48'),(68,90,'Vracht ','2015-11-01 02:38:34','2016-11-25 15:37:17'),(69,77,'Vracht ','2015-09-03 19:35:46','2016-06-18 18:11:57'),(70,55,' Persoonswagens ','2016-01-23 10:31:34','2017-08-15 12:00:13');
INSERT INTO FLEETS (fleet_id,company_id,name,updated_at,created_at) VALUES (71,100,' Leasingwagens ','2015-10-12 05:00:42','2016-09-19 13:12:26'),(72,74,' Leasingwagens ','2015-12-25 10:17:53','2017-02-01 08:18:12'),(73,98,' Leasingwagens ','2016-01-10 21:45:01','2016-09-24 10:24:12'),(74,87,' Persoonswagens ','2015-12-03 05:51:40','2018-02-05 09:54:44'),(75,94,'Vracht ','2015-10-12 05:19:09','2016-12-09 01:38:25'),(76,63,'Vracht ','2015-12-03 07:55:17','2016-04-25 17:04:59'),(77,98,' Trekkers','2015-11-17 19:02:55','2016-11-17 18:12:26'),(78,52,'Vracht ','2015-11-14 00:59:13','2016-12-10 16:35:49'),(79,87,' Trekkers','2015-09-08 07:07:16','2017-06-14 21:21:41'),(80,87,' Trekkers','2015-11-28 04:30:04','2017-04-27 10:18:41');
INSERT INTO FLEETS (fleet_id,company_id,name,updated_at,created_at) VALUES (81,70,'Vracht ','2016-01-29 18:08:05','2016-11-15 12:29:57'),(82,75,' Trekkers','2015-09-19 20:37:26','2017-09-11 19:39:03'),(83,83,' Leasingwagens ','2015-09-23 05:59:53','2018-01-16 11:57:39'),(84,65,' Trekkers','2015-12-19 05:50:01','2017-10-18 04:18:02'),(85,98,' Trekkers','2015-10-25 10:03:39','2017-12-08 05:37:53'),(86,95,' Leasingwagens ','2015-09-11 07:01:20','2018-01-12 18:45:44'),(87,87,' Persoonswagens ','2015-09-07 14:55:44','2016-05-13 11:35:07'),(88,96,' Trekkers','2016-01-18 15:30:01','2017-09-15 09:22:56'),(89,70,' Leasingwagens ','2015-11-03 21:34:51','2017-03-12 18:26:04'),(90,62,' Persoonswagens ','2015-11-21 17:22:12','2016-10-21 20:46:55');
INSERT INTO FLEETS (fleet_id,company_id,name,updated_at,created_at) VALUES (91,83,' Trekkers','2016-01-07 15:27:30','2017-01-01 12:18:37'),(92,79,'Vracht ','2015-12-13 16:56:51','2017-12-14 04:12:29'),(93,95,' Leasingwagens ','2016-01-12 02:31:23','2016-09-10 08:49:52'),(94,90,' Trekkers','2015-12-15 18:14:46','2018-01-03 00:29:46'),(95,59,'Vracht ','2016-01-24 11:02:58','2017-11-09 14:20:35'),(96,60,'Vracht ','2015-11-17 07:47:28','2016-12-25 03:43:48'),(97,53,' Trekkers','2015-10-30 11:16:27','2017-05-03 00:58:33'),(98,65,' Persoonswagens ','2015-10-30 11:14:06','2018-02-16 01:50:30'),(99,88,'Vracht ','2015-11-06 23:25:12','2017-03-28 11:15:11'),(100,89,' Trekkers','2015-10-30 12:42:06','2016-10-07 02:57:29');


INSERT INTO SUBFLEETS (subfleet_id,fleet_id,vehicletype_id,updated_at,created_at) VALUES (1,22,3,'2016-01-20 15:18:18','2016-06-29 05:18:49'),(2,72,2,'2015-09-10 21:25:58','2018-02-20 17:59:22'),(3,70,2,'2015-11-28 10:02:59','2016-08-21 14:26:54'),(4,85,1,'2015-10-20 01:22:57','2017-10-27 06:56:52'),(5,97,4,'2015-11-24 21:32:52','2016-03-26 20:16:36'),(6,30,2,'2015-09-09 00:44:15','2018-02-02 02:30:14'),(7,98,2,'2015-09-09 22:00:14','2017-04-15 18:12:54'),(8,61,4,'2015-10-19 21:24:18','2016-03-26 09:28:11'),(9,45,3,'2015-10-30 04:07:11','2016-12-09 16:30:19'),(10,26,4,'2015-10-15 08:16:59','2017-11-09 15:20:23');
INSERT INTO SUBFLEETS (subfleet_id,fleet_id,vehicletype_id,updated_at,created_at) VALUES (11,26,2,'2016-01-23 17:15:06','2017-07-14 18:28:55'),(12,95,5,'2015-11-01 19:51:58','2017-07-21 19:33:39'),(13,20,4,'2015-09-04 19:04:04','2017-11-01 17:18:26'),(14,57,3,'2016-01-10 02:15:20','2017-03-02 01:34:11'),(15,45,5,'2015-10-18 05:31:38','2016-08-04 23:59:12'),(16,50,4,'2015-12-28 20:13:20','2017-05-10 10:58:38'),(17,2,5,'2016-01-03 09:51:52','2017-12-12 06:53:02'),(18,61,4,'2015-09-06 21:39:50','2017-10-17 08:14:19'),(19,58,5,'2016-01-18 20:17:07','2017-08-09 23:17:09'),(20,88,5,'2016-01-18 08:52:14','2017-01-02 17:43:32');
INSERT INTO SUBFLEETS (subfleet_id,fleet_id,vehicletype_id,updated_at,created_at) VALUES (21,81,4,'2016-01-03 05:29:52','2016-04-06 05:04:57'),(22,15,2,'2015-10-27 08:47:39','2017-11-10 06:13:17'),(23,34,4,'2015-09-25 14:50:40','2018-03-05 18:35:59'),(24,91,5,'2015-11-27 07:56:37','2016-10-20 01:25:19'),(25,82,2,'2015-11-29 12:09:26','2017-12-04 11:36:16'),(26,27,2,'2015-12-16 00:25:48','2016-12-06 03:34:49'),(27,34,1,'2015-12-14 18:07:01','2016-10-25 04:09:01'),(28,91,3,'2016-01-23 09:42:55','2017-10-27 08:36:45'),(29,97,3,'2016-01-18 01:50:25','2017-01-06 03:26:38'),(30,56,5,'2015-10-25 23:46:01','2016-06-10 23:08:05');
INSERT INTO SUBFLEETS (subfleet_id,fleet_id,vehicletype_id,updated_at,created_at) VALUES (31,52,1,'2015-10-28 03:46:29','2017-05-19 12:04:11'),(32,98,5,'2015-11-16 13:17:32','2017-04-21 03:48:53'),(33,15,1,'2015-12-23 02:55:21','2017-03-01 11:39:00'),(34,99,3,'2015-11-26 23:35:31','2016-05-15 03:49:15'),(35,66,2,'2015-09-16 16:24:30','2018-01-03 06:34:01'),(36,11,1,'2015-12-11 07:18:12','2017-07-26 00:01:56'),(37,36,1,'2016-01-21 14:39:13','2017-05-26 09:21:15'),(38,42,2,'2016-01-26 04:23:52','2016-03-13 15:47:37'),(39,2,1,'2015-09-18 11:50:41','2017-08-29 17:52:18'),(40,24,1,'2015-09-28 05:19:44','2018-02-26 08:48:36');
INSERT INTO SUBFLEETS (subfleet_id,fleet_id,vehicletype_id,updated_at,created_at) VALUES (41,87,4,'2015-09-24 06:59:51','2016-07-12 05:01:23'),(42,18,3,'2015-12-18 17:45:10','2017-02-24 11:17:46'),(43,56,1,'2015-09-23 07:44:16','2017-06-25 18:01:06'),(44,4,5,'2015-11-17 22:32:11','2017-05-16 16:54:17'),(45,14,2,'2015-10-26 03:16:19','2017-05-31 01:42:49'),(46,72,5,'2016-01-23 15:42:38','2018-02-08 18:33:26'),(47,92,2,'2015-11-07 13:38:54','2016-08-05 22:57:41'),(48,47,2,'2016-01-16 06:15:35','2016-07-17 10:05:04'),(49,79,5,'2016-01-28 08:11:21','2018-01-02 15:37:26'),(50,19,2,'2015-09-16 09:26:17','2017-11-29 01:28:18');
INSERT INTO SUBFLEETS (subfleet_id,fleet_id,vehicletype_id,updated_at,created_at) VALUES (51,39,5,'2015-10-13 11:37:42','2017-04-30 10:39:22'),(52,87,1,'2016-02-02 20:09:40','2017-06-05 09:25:05'),(53,39,2,'2015-12-23 10:23:12','2018-01-29 15:56:22'),(54,28,3,'2016-01-24 04:18:41','2017-06-21 10:17:50'),(55,36,1,'2015-09-03 08:20:38','2016-04-28 15:56:36'),(56,44,3,'2015-09-17 23:24:09','2017-05-21 06:58:53'),(57,76,4,'2016-01-26 21:56:28','2018-02-28 03:54:54'),(58,14,3,'2016-01-20 22:45:53','2017-10-16 01:36:00'),(59,96,3,'2015-10-25 10:28:02','2018-01-05 08:06:09'),(60,38,3,'2015-11-13 19:18:19','2017-09-24 23:10:43');
INSERT INTO SUBFLEETS (subfleet_id,fleet_id,vehicletype_id,updated_at,created_at) VALUES (61,80,5,'2016-01-30 11:07:15','2017-11-14 01:12:13'),(62,32,3,'2015-10-30 20:44:48','2016-07-23 05:19:53'),(63,18,5,'2015-11-03 16:35:25','2017-04-28 19:00:12'),(64,97,2,'2015-12-10 16:06:09','2018-02-27 00:49:20'),(65,92,4,'2015-10-30 21:02:19','2017-09-11 02:28:52'),(66,67,1,'2016-01-09 11:51:03','2017-09-19 10:20:24'),(67,3,4,'2015-09-26 23:16:44','2018-02-05 05:27:05'),(68,96,5,'2015-12-07 13:40:49','2016-07-16 11:34:25'),(69,87,2,'2015-12-16 03:21:03','2017-05-06 21:30:12'),(70,18,5,'2015-10-08 09:43:58','2017-04-21 22:14:07');
INSERT INTO SUBFLEETS (subfleet_id,fleet_id,vehicletype_id,updated_at,created_at) VALUES (71,11,2,'2016-01-08 00:15:44','2016-12-22 01:04:52'),(72,79,2,'2015-11-03 10:26:45','2016-09-04 18:47:00'),(73,42,5,'2016-02-01 23:17:32','2017-07-26 00:40:22'),(74,21,1,'2015-12-14 04:03:43','2017-11-09 11:22:50'),(75,3,3,'2015-12-19 17:39:40','2016-06-11 18:33:06'),(76,34,2,'2015-10-25 22:38:52','2017-09-16 22:24:16'),(77,35,2,'2015-10-08 07:52:11','2017-09-26 22:38:43'),(78,68,4,'2015-11-23 12:50:33','2016-12-25 20:53:08'),(79,35,5,'2015-12-15 15:09:52','2017-04-06 22:15:37'),(80,14,2,'2016-01-03 04:37:26','2016-03-26 00:49:04');
INSERT INTO SUBFLEETS (subfleet_id,fleet_id,vehicletype_id,updated_at,created_at) VALUES (81,54,5,'2015-11-02 15:51:32','2016-12-08 00:04:33'),(82,20,2,'2016-01-17 15:15:36','2017-10-30 23:18:21'),(83,61,2,'2015-12-06 10:23:00','2016-06-14 21:16:31'),(84,34,2,'2015-10-25 06:32:34','2016-08-20 17:44:31'),(85,97,4,'2015-12-21 03:28:07','2017-03-09 17:51:24'),(86,26,3,'2015-12-06 11:28:11','2017-06-01 15:42:15'),(87,69,2,'2015-10-31 15:16:46','2018-01-21 11:57:55'),(88,62,2,'2016-01-25 22:48:12','2016-04-26 17:42:32'),(89,66,3,'2016-01-22 17:01:53','2016-05-13 12:50:23'),(90,21,4,'2015-11-18 23:14:10','2016-04-09 23:32:59');
INSERT INTO SUBFLEETS (subfleet_id,fleet_id,vehicletype_id,updated_at,created_at) VALUES (91,67,2,'2015-11-15 02:13:48','2016-09-17 09:08:19'),(92,27,1,'2016-01-28 22:34:14','2017-03-15 01:31:28'),(93,96,1,'2015-09-13 07:32:30','2017-04-14 19:47:47'),(94,83,4,'2015-12-07 16:42:32','2017-09-03 08:17:46'),(95,84,1,'2015-09-12 05:37:29','2017-12-17 10:46:33'),(96,54,5,'2016-01-27 19:37:47','2016-12-06 17:35:16'),(97,49,2,'2015-09-29 17:33:54','2016-03-21 05:06:02'),(98,55,4,'2015-12-21 03:09:39','2017-02-14 18:50:18'),(99,94,1,'2015-09-05 05:55:14','2017-04-10 17:02:10'),(100,99,1,'2016-01-03 20:34:37','2017-04-24 14:14:55');


INSERT INTO FLEET_SUBSCRIPTIONS (fleet_subscription_id,start_date,end_date,updated_at,created_at,vehicle_id,subfleet_id) VALUES (1,'2018-03-07','2016-06-03','2015-09-20 07:18:04','2017-08-22 17:31:22',75,37),(2,'2016-08-22','2018-03-06','2015-09-30 14:49:46','2016-09-07 07:55:42',62,56),(3,'2018-02-21','2017-11-16','2015-11-16 02:19:13','2016-05-31 19:12:09',51,97),(4,'2018-02-18','2018-02-15','2015-10-02 20:09:19','2016-11-12 18:24:48',32,18),(5,'2017-01-07','2018-01-12','2016-01-08 07:38:47','2016-03-15 06:04:41',25,95),(6,'2017-03-28','2018-03-08','2015-10-18 11:50:46','2017-08-20 19:25:33',7,51),(7,'2017-05-27','2017-09-08','2016-01-29 13:49:45','2016-04-11 19:57:44',23,8),(8,'2017-01-18','2016-06-25','2015-12-08 03:30:04','2017-11-29 15:07:38',82,98),(9,'2016-06-17','2017-01-14','2016-01-09 10:14:37','2017-01-23 07:40:46',86,77),(10,'2017-01-11','2017-10-24','2015-11-18 07:44:06','2016-06-01 10:17:34',69,87);
INSERT INTO FLEET_SUBSCRIPTIONS (fleet_subscription_id,start_date,end_date,updated_at,created_at,vehicle_id,subfleet_id) VALUES (11,'2016-07-16','2017-05-25','2015-09-08 20:02:16','2017-08-01 06:20:54',94,54),(12,'2017-05-17','2016-08-18','2016-01-11 19:33:08','2017-03-26 21:44:12',18,87),(13,'2017-04-22','2018-02-20','2015-11-18 20:27:45','2016-07-19 00:47:33',98,63),(14,'2017-07-01','2017-08-07','2015-10-21 21:01:05','2017-05-28 06:12:46',29,97),(15,'2017-11-14','2017-08-20','2015-09-19 07:48:39','2016-06-11 03:02:56',29,21),(16,'2016-04-02','2016-10-19','2016-01-28 13:40:29','2017-12-14 11:23:41',25,27),(17,'2017-02-22','2016-11-05','2015-12-15 11:50:48','2016-04-16 13:28:54',28,28),(18,'2017-08-23','2017-06-12','2016-01-11 23:15:05','2017-05-30 23:42:08',64,70),(19,'2016-05-13','2016-03-29','2015-12-14 04:41:03','2017-02-08 01:34:06',23,24),(20,'2017-06-05','2017-03-10','2016-01-03 21:47:45','2017-10-07 16:18:20',41,22);
INSERT INTO FLEET_SUBSCRIPTIONS (fleet_subscription_id,start_date,end_date,updated_at,created_at,vehicle_id,subfleet_id) VALUES (21,'2016-10-02','2016-08-29','2015-12-19 06:34:32','2017-08-09 14:34:58',53,25),(22,'2017-08-08','2017-08-26','2015-12-24 21:46:29','2017-05-31 23:19:53',43,24),(23,'2017-08-28','2017-08-21','2015-11-13 13:46:15','2018-01-27 11:28:40',74,62),(24,'2016-09-23','2016-04-24','2015-09-17 17:53:40','2016-04-14 17:10:44',23,93),(25,'2016-08-25','2016-08-13','2015-09-16 04:46:10','2017-05-16 03:29:54',100,59),(26,'2017-11-14','2016-10-13','2015-09-05 03:02:39','2017-01-13 14:47:13',70,38),(27,'2016-05-22','2016-05-21','2015-11-11 13:21:44','2017-07-27 04:46:15',5,16),(28,'2016-10-22','2016-11-13','2015-09-18 10:47:40','2016-10-16 23:28:27',64,18),(29,'2017-08-11','2017-12-04','2016-01-10 11:42:43','2017-03-17 16:10:14',83,89),(30,'2017-12-17','2017-12-07','2015-11-30 00:42:30','2017-05-06 09:23:35',65,45);
INSERT INTO FLEET_SUBSCRIPTIONS (fleet_subscription_id,start_date,end_date,updated_at,created_at,vehicle_id,subfleet_id) VALUES (31,'2016-12-03','2018-01-28','2015-11-17 03:43:01','2017-02-11 22:49:35',85,24),(32,'2016-12-22','2017-05-20','2015-11-23 07:34:10','2018-03-07 13:14:13',57,38),(33,'2017-02-15','2018-02-10','2015-12-04 13:34:41','2017-02-11 14:57:34',85,32),(34,'2016-11-19','2017-08-11','2015-11-07 01:59:48','2016-07-22 09:28:53',91,78),(35,'2016-04-20','2016-07-06','2015-12-25 03:04:53','2017-04-15 20:19:55',87,5),(36,'2018-02-09','2017-11-07','2015-10-22 15:15:00','2018-01-28 13:07:04',80,43),(37,'2016-04-13','2016-11-19','2015-11-13 11:38:18','2016-03-19 15:52:47',21,43),(38,'2017-08-02','2016-06-18','2015-12-05 06:31:07','2016-07-28 23:19:23',88,17),(39,'2016-12-31','2018-02-05','2015-11-10 12:05:14','2017-07-25 09:39:24',14,69),(40,'2016-10-05','2016-12-14','2015-11-09 06:29:05','2017-03-30 22:45:23',27,89);
INSERT INTO FLEET_SUBSCRIPTIONS (fleet_subscription_id,start_date,end_date,updated_at,created_at,vehicle_id,subfleet_id) VALUES (41,'2017-10-05','2017-01-13','2015-12-31 01:02:26','2017-11-30 03:06:29',8,51),(42,'2016-04-16','2018-02-26','2015-09-13 02:26:03','2016-04-28 14:54:11',42,45),(43,'2017-04-24','2018-01-11','2015-12-15 05:51:34','2017-03-22 02:41:09',30,68),(44,'2016-10-01','2017-06-30','2016-01-29 16:01:26','2017-02-23 09:52:59',8,95),(45,'2017-09-11','2017-09-08','2015-11-02 19:01:25','2016-07-03 23:45:31',65,68),(46,'2017-05-16','2016-10-08','2016-01-16 15:53:46','2018-03-12 17:42:58',92,96),(47,'2017-07-15','2017-03-03','2016-01-06 17:56:59','2017-12-16 04:14:18',79,79),(48,'2017-06-17','2016-09-02','2015-11-03 17:40:27','2018-02-21 11:17:37',92,12),(49,'2016-06-02','2016-07-17','2016-01-18 19:04:26','2017-04-27 11:25:39',18,96),(50,'2016-04-14','2017-06-05','2015-09-04 12:26:16','2016-10-08 12:39:03',35,22);
INSERT INTO FLEET_SUBSCRIPTIONS (fleet_subscription_id,start_date,end_date,updated_at,created_at,vehicle_id,subfleet_id) VALUES (51,'2017-06-06','2017-03-17','2015-09-25 11:18:55','2016-05-16 14:29:03',80,57),(52,'2017-08-23','2018-01-31','2016-01-08 17:55:38','2017-12-05 13:04:49',75,100),(53,'2016-09-02','2017-09-20','2015-11-09 00:15:41','2018-03-01 18:13:45',9,38),(54,'2017-07-16','2016-07-21','2016-02-02 09:26:03','2017-02-15 16:11:07',25,73),(55,'2016-10-05','2017-12-15','2015-11-29 14:49:19','2017-01-10 03:58:07',14,86),(56,'2017-10-07','2018-01-25','2015-09-02 04:25:26','2016-10-26 10:04:46',52,10),(57,'2017-02-10','2016-11-14','2015-10-08 00:07:00','2018-02-24 06:54:22',32,65),(58,'2016-12-15','2016-08-12','2015-10-29 11:44:07','2017-05-24 21:22:20',26,32),(59,'2017-11-29','2017-11-09','2015-11-12 23:11:20','2017-07-20 14:08:16',43,68),(60,'2017-12-01','2016-05-19','2015-12-02 05:08:57','2017-06-04 22:17:35',7,47);
INSERT INTO FLEET_SUBSCRIPTIONS (fleet_subscription_id,start_date,end_date,updated_at,created_at,vehicle_id,subfleet_id) VALUES (61,'2016-12-30','2018-03-01','2015-09-17 11:32:08','2017-10-26 02:47:47',88,9),(62,'2017-12-19','2017-12-02','2015-12-14 01:44:20','2017-05-03 10:16:41',62,9),(63,'2016-06-15','2018-01-06','2015-10-04 19:44:11','2016-09-22 14:18:44',63,11),(64,'2017-01-16','2017-02-24','2016-01-05 11:54:52','2017-04-08 06:48:11',20,3),(65,'2016-05-04','2016-05-30','2015-10-04 20:07:53','2017-09-02 12:23:31',69,2),(66,'2017-01-15','2017-09-22','2015-09-12 06:25:17','2017-09-05 21:20:27',39,25),(67,'2018-02-06','2018-01-30','2015-10-22 11:08:13','2018-02-23 20:24:49',32,86),(68,'2016-10-30','2016-05-30','2015-12-07 21:47:26','2016-05-28 21:42:43',56,24),(69,'2016-09-29','2017-11-14','2016-01-03 13:01:47','2017-06-19 14:45:37',24,76),(70,'2018-03-04','2016-10-13','2016-01-11 06:21:32','2018-02-22 19:38:34',14,3);
INSERT INTO FLEET_SUBSCRIPTIONS (fleet_subscription_id,start_date,end_date,updated_at,created_at,vehicle_id,subfleet_id) VALUES (71,'2017-09-26','2016-06-06','2016-01-18 00:06:45','2016-10-22 13:28:40',23,56),(72,'2017-07-05','2017-01-05','2015-10-09 21:38:05','2017-10-21 01:19:39',60,85),(73,'2018-01-30','2018-01-06','2015-09-11 07:26:27','2017-02-03 06:58:15',1,70),(74,'2017-04-13','2018-02-18','2015-09-26 15:29:03','2017-03-15 11:41:43',74,40),(75,'2016-04-17','2018-02-23','2015-11-21 17:05:45','2017-04-29 08:42:16',92,23),(76,'2016-06-10','2018-01-15','2015-12-08 13:19:40','2016-10-27 19:21:57',63,29),(77,'2016-11-02','2016-07-22','2015-09-04 04:39:54','2017-09-23 19:42:10',93,64),(78,'2016-06-07','2016-03-17','2015-10-12 20:02:05','2017-11-20 15:41:36',71,4),(79,'2017-05-28','2016-10-11','2015-09-24 14:46:14','2016-11-20 04:12:32',76,81),(80,'2017-02-05','2017-06-10','2016-01-17 22:47:27','2017-08-18 19:19:35',84,13);
INSERT INTO FLEET_SUBSCRIPTIONS (fleet_subscription_id,start_date,end_date,updated_at,created_at,vehicle_id,subfleet_id) VALUES (81,'2016-11-21','2017-10-10','2016-01-06 15:12:48','2016-06-15 18:33:19',92,48),(82,'2016-10-01','2016-06-15','2015-12-23 18:37:55','2017-10-08 05:47:29',32,94),(83,'2017-08-18','2017-08-04','2015-12-15 00:26:25','2016-04-26 18:32:17',52,84),(84,'2017-01-22','2016-03-30','2015-12-05 20:39:08','2017-11-16 06:44:18',26,56),(85,'2017-07-29','2018-03-07','2015-09-16 04:10:04','2017-08-26 02:20:47',56,30),(86,'2017-01-18','2016-06-02','2016-01-17 09:59:45','2017-09-22 05:27:00',73,34),(87,'2016-03-31','2017-07-26','2016-01-27 03:33:06','2016-06-30 18:23:23',37,18),(88,'2017-08-11','2016-11-14','2015-10-01 17:54:09','2017-12-01 18:04:04',47,9),(89,'2017-03-22','2016-06-10','2015-12-23 03:39:47','2016-03-19 03:24:15',67,26),(90,'2016-03-26','2016-07-10','2015-11-24 12:29:31','2016-10-25 23:41:12',81,62);
INSERT INTO FLEET_SUBSCRIPTIONS (fleet_subscription_id,start_date,end_date,updated_at,created_at,vehicle_id,subfleet_id) VALUES (91,'2017-01-22','2017-03-08','2015-09-16 20:51:56','2017-07-08 02:23:01',75,19),(92,'2017-11-03','2016-04-13','2016-01-08 16:36:14','2016-04-15 21:02:37',19,24),(93,'2017-11-07','2017-07-25','2015-09-10 03:06:25','2017-12-19 22:42:11',45,4),(94,'2016-05-24','2016-10-06','2015-09-12 18:17:13','2017-10-10 07:31:14',34,30),(95,'2016-08-04','2016-07-05','2015-12-26 01:57:27','2017-09-19 02:46:18',93,93),(96,'2016-04-08','2017-09-08','2015-10-20 19:03:39','2016-09-30 23:40:59',10,86),(97,'2017-07-31','2017-01-16','2016-01-13 03:29:36','2016-07-26 01:08:07',98,18),(98,'2017-11-18','2016-09-11','2016-01-15 13:41:15','2017-10-12 14:44:00',78,89),(99,'2017-08-02','2016-04-13','2015-10-27 22:02:26','2017-01-02 10:42:20',87,81),(100,'2016-04-22','2016-11-17','2016-01-03 01:25:03','2017-10-08 12:27:57',25,90);
