INSERT INTO "USERS" (user_id,first_name,last_name,email,password,updated_at,created_at) VALUES (1,'Sierra','Cooper','metus.vitae.velit@facilisismagnatellus.net','WBL90DHP2RU','2017-02-28 12:15:29','2018-01-27 01:41:55'),(2,'Lamar','Yang','eleifend.Cras@tellusimperdiet.edu','GTZ20SSS5HV','2017-01-25 22:22:47','2017-04-30 09:44:22'),(3,'Hanna','Sims','ac.mattis.semper@semegetmassa.org','HPQ85RQA5VS','2016-11-20 23:35:34','2018-01-01 07:59:24'),(4,'Brady','Suarez','lobortis.Class.aptent@Maurismagna.co.uk','QXI30OKH2AH','2016-08-24 09:34:56','2017-08-24 20:51:13'),(5,'Olga','Snyder','sit@sitametluctus.org','KPB04VJH3ZD','2016-10-04 06:48:44','2017-05-05 06:08:28'),(6,'Azalia','Blevins','Vivamus.molestie.dapibus@libero.net','EOD45RLR6UN','2016-11-07 23:15:48','2017-05-24 09:17:01'),(7,'Raphael','Blackburn','sed.dolor@purusaccumsan.edu','PTR89NMG4GJ','2016-03-13 10:13:48','2017-04-14 09:07:38'),(8,'Lance','Harrington','justo@senectuset.co.uk','VEX37QLM6OF','2016-10-23 08:24:09','2017-09-29 15:11:26'),(9,'Knox','Briggs','eget@risusaultricies.co.uk','ZKB32CQN7YO','2016-06-21 08:22:49','2018-02-07 09:13:04'),(10,'Arsenio','Kennedy','elementum.sem.vitae@idmollis.com','ANV95YMV3XK','2016-06-06 04:55:30','2017-04-14 02:53:30');
INSERT INTO "USERS" (user_id,first_name,last_name,email,password,updated_at,created_at) VALUES (11,'Tallulah','Daniel','Sed.congue.elit@Aenean.org','ACA65AXT9XQ','2016-10-13 12:53:35','2017-04-07 23:50:49'),(12,'Dora','Good','iaculis@velarcu.edu','FKO31FVF8CO','2016-07-31 09:11:46','2017-12-31 10:22:13'),(13,'Ima','Carlson','eu.nibh.vulputate@nisl.ca','INX60UYT1OD','2016-09-18 01:05:48','2017-08-28 21:08:28'),(14,'Ruth','Ochoa','nibh@auctor.edu','WBK13RIS9RB','2016-05-12 19:29:58','2017-11-07 16:58:44'),(15,'Leslie','Fox','consectetuer@hendrerit.edu','OHM98KYX7RW','2016-12-31 08:06:23','2017-03-20 04:34:53'),(16,'Alexa','Silva','arcu.Sed.eu@interdumlibero.ca','ESR33UMD3YY','2016-08-27 07:31:48','2018-01-23 23:29:17'),(17,'Xanthus','Cardenas','eu.arcu.Morbi@Phasellusdapibusquam.com','DVG08HJZ8JI','2016-12-01 13:37:42','2018-01-18 03:55:31'),(18,'Shelby','Strong','scelerisque@magnamalesuada.net','JTR60EIV4CT','2016-03-30 01:47:59','2018-01-09 16:09:41'),(19,'Emery','Hudson','eget.metus@etnuncQuisque.ca','XJI06ZTJ8SB','2016-09-08 21:15:31','2018-03-02 09:26:58'),(20,'Ariana','Whitaker','quis.tristique.ac@auctor.net','NJK40FRK4LQ','2016-06-14 15:50:38','2017-03-15 16:55:16');
INSERT INTO "USERS" (user_id,first_name,last_name,email,password,updated_at,created_at) VALUES (21,'Anjolie','Lindsey','eu@diamPellentesque.ca','QCD25VMO7OT','2016-07-02 06:30:28','2017-09-11 00:59:37'),(22,'Helen','Frost','facilisis.magna@pedeet.org','UIO66VHL1UO','2016-05-08 11:49:43','2017-10-01 01:40:12'),(23,'Anjolie','Houston','dui.Suspendisse.ac@fringilla.ca','NZJ13KQV2ON','2016-04-18 14:33:17','2017-08-31 07:16:10'),(24,'Nita','Ray','dapibus.quam@lorem.co.uk','JLK57YFO1YX','2016-12-25 22:48:17','2017-07-30 16:05:02'),(25,'Summer','Burnett','fringilla.Donec.feugiat@leoCras.com','KFJ89ZZR7PK','2016-09-27 08:16:33','2017-05-20 07:01:48'),(26,'Calvin','Gonzales','et.magnis.dis@tempor.net','BYV07OOF6VZ','2016-07-01 12:45:55','2018-03-03 02:02:21'),(27,'Cecilia','Banks','feugiat.Sed.nec@accumsanlaoreetipsum.com','YFO23ZWL3RC','2016-12-15 14:47:58','2017-04-29 04:50:10'),(28,'Forrest','Guzman','felis@urna.co.uk','MEC25RPE1HX','2016-06-16 09:08:28','2017-12-06 06:02:52'),(29,'Belle','Paul','Nunc@ante.net','RYB19PUX1MV','2016-04-14 07:45:25','2018-02-25 01:25:28'),(30,'Tashya','Chan','augue.malesuada@molestietellusAenean.com','YTU65FTY1RF','2016-08-23 14:40:52','2017-05-17 22:35:51');
INSERT INTO "USERS" (user_id,first_name,last_name,email,password,updated_at,created_at) VALUES (31,'Fitzgerald','Boyd','eu@blandit.co.uk','AON38FWY0ZN','2016-08-28 12:17:39','2017-04-17 05:02:06'),(32,'Celeste','Dejesus','condimentum.Donec.at@massaMaurisvestibulum.edu','GRQ51ZIW6UJ','2016-09-23 22:15:47','2017-07-20 21:55:54'),(33,'Quynn','Castro','parturient.montes@etrutrum.org','GRX43OUQ1ZG','2017-02-04 19:29:48','2017-06-09 02:26:59'),(34,'Arthur','Sanford','magnis.dis@laciniaorciconsectetuer.edu','BRA40MPA4YI','2016-08-19 19:42:57','2017-08-12 09:21:56'),(35,'Drake','Moon','dictum.Phasellus.in@egestasrhoncusProin.co.uk','NTB28NQH1QF','2016-04-01 18:52:07','2017-05-05 19:42:30'),(36,'Jermaine','Pittman','risus.quis@ac.net','KNI47UID1QB','2016-04-13 08:30:48','2017-08-04 16:58:16'),(37,'Jorden','Good','elit.elit.fermentum@turpis.net','ZQP21RNB6LH','2016-08-11 12:46:20','2017-06-27 07:23:38'),(38,'Raphael','Powers','inceptos@Aliquamgravidamauris.ca','ZTM37URQ4SG','2016-04-23 10:00:36','2017-12-07 04:16:38'),(39,'Adrian','Booker','consectetuer.cursus@nondui.co.uk','DDJ13WES7OG','2016-04-28 08:14:15','2017-11-04 16:47:55'),(40,'Jane','Gonzalez','Aenean.euismod@risus.ca','DGU64WKB2TM','2016-10-13 17:26:00','2017-04-20 16:58:03');
INSERT INTO "USERS" (user_id,first_name,last_name,email,password,updated_at,created_at) VALUES (41,'Emerson','Hampton','diam.nunc.ullamcorper@utipsum.org','JKO20RPN8XB','2016-06-30 09:58:35','2017-03-14 08:42:40'),(42,'Chaney','Medina','adipiscing.non@nasceturridiculusmus.co.uk','AKR68HGW6FV','2016-09-07 18:08:18','2017-11-12 12:46:27'),(43,'Kessie','Roman','non@euelit.ca','TZP21BPN4BO','2017-02-14 00:50:21','2018-02-15 14:45:51'),(44,'Henry','Leblanc','lacinia.vitae@consequatauctornunc.edu','IET31DON7SB','2016-06-02 22:30:58','2017-12-01 00:24:06'),(45,'Arden','Norton','Cras.pellentesque.Sed@vestibulum.com','SFN21NMN3AP','2016-11-02 23:43:56','2017-08-04 08:06:18'),(46,'Palmer','Rocha','nec.quam@iaculisneceleifend.edu','AUG82KKF3AJ','2017-01-09 11:24:10','2017-06-06 17:27:11'),(47,'Quemby','Bartlett','Nam@ante.com','JQE97CWH1UC','2016-08-27 11:14:00','2018-02-22 18:44:54'),(48,'Iola','Key','nisl.Maecenas@nibhPhasellus.ca','IKF93SWO8UK','2016-04-03 11:18:28','2018-01-22 07:38:21'),(49,'Blair','Flores','nisi@acmetusvitae.edu','AFB31DJO1DQ','2016-08-27 07:31:39','2017-08-18 07:58:45'),(50,'Amena','Rios','scelerisque.dui@nullaDonec.ca','JOH63UUN8BM','2016-11-23 17:18:42','2018-02-28 16:56:31');
INSERT INTO "USERS" (user_id,first_name,last_name,email,password,updated_at,created_at) VALUES (51,'Emerald','Emerson','accumsan.interdum@semperet.edu','ECU87CKB8BG','2016-08-30 20:40:11','2017-11-19 15:49:27'),(52,'Briar','Reyes','erat.volutpat.Nulla@enim.net','NQQ62VKB7RX','2016-07-30 08:22:50','2017-12-19 02:13:40'),(53,'Odysseus','Stevens','aliquet.magna.a@risus.com','PKY14PTE9HJ','2016-06-10 20:16:03','2017-03-17 08:02:44'),(54,'Raymond','Workman','ante.ipsum.primis@velitjusto.ca','WXT04VVF3FU','2017-03-05 04:56:48','2017-07-09 15:59:22'),(55,'Patience','Conrad','diam.eu@risusQuisque.co.uk','ZWI25MKY1JB','2016-03-24 22:58:06','2018-01-24 13:31:42'),(56,'Octavius','Meyers','odio@dolortempusnon.edu','JSD48ELQ7YE','2016-12-29 14:23:10','2017-04-04 15:37:14'),(57,'Oren','Horton','arcu.Vestibulum.ante@laoreet.net','LME96HDR2YR','2016-07-29 14:26:45','2018-01-15 19:18:13'),(58,'Leandra','Mills','neque@semper.ca','FQS83ZLE4CN','2016-11-30 13:56:04','2017-10-20 01:07:49'),(59,'Karly','Sandoval','enim@acarcuNunc.edu','MTW73WVR8ZQ','2016-03-10 10:09:12','2017-03-25 20:03:47'),(60,'Cain','Rojas','semper.rutrum@Phasellusfermentumconvallis.net','YSI94ZER5OU','2016-11-15 23:49:47','2018-02-08 05:59:43');
INSERT INTO "USERS" (user_id,first_name,last_name,email,password,updated_at,created_at) VALUES (61,'Mira','Vasquez','Nullam@necimperdietnec.net','TBI37BGA9ZQ','2016-12-22 22:18:15','2017-03-10 09:17:28'),(62,'Skyler','Melton','enim@nequevitaesemper.com','LQB86FJL2CY','2016-12-20 23:07:49','2017-09-03 06:13:19'),(63,'Claudia','Martinez','eu.accumsan.sed@Inmipede.com','JLI96VDB8SZ','2016-08-17 21:50:25','2017-06-21 09:05:51'),(64,'Carissa','Rodriquez','Donec.egestas.Duis@felisullamcorperviverra.edu','WOH47BHY9WN','2016-09-01 07:15:01','2017-07-25 09:59:03'),(65,'Jada','Rutledge','odio.tristique.pharetra@enimEtiam.edu','NSK31ITV5YU','2016-08-19 04:54:46','2017-12-19 17:07:56'),(66,'Gemma','Sheppard','enim.consequat.purus@egestas.co.uk','RTE89WSO5HT','2016-03-26 08:35:19','2017-08-04 08:36:05'),(67,'Gannon','Battle','orci.Donec.nibh@lobortis.org','JRE80SDQ1CX','2016-11-28 22:08:23','2017-11-26 12:09:33'),(68,'Cheyenne','Tanner','tristique.senectus@massa.org','CMO18MOW7OJ','2016-05-23 16:08:45','2018-01-01 23:32:48'),(69,'Kameko','Alston','et.commodo.at@tempus.com','HUZ31ZUR9XB','2017-02-22 08:51:43','2017-06-14 20:15:38'),(70,'Boris','Tran','habitant@antedictummi.net','NVE38XTF7KL','2016-10-04 21:02:53','2017-03-22 09:31:06');
INSERT INTO "USERS" (user_id,first_name,last_name,email,password,updated_at,created_at) VALUES (71,'Zane','Hoffman','odio.semper@vestibulumMaurismagna.org','EJP37KDI9JN','2016-07-23 14:20:21','2017-07-07 16:08:09'),(72,'Howard','Gutierrez','eu@rhoncusDonec.com','SRV28RPL5HK','2016-12-20 05:48:52','2017-10-31 03:06:39'),(73,'Scarlet','Ruiz','accumsan.neque@enimCurabitur.net','NWE76PFE2LT','2016-03-16 17:19:18','2017-06-08 08:28:17'),(74,'Leonard','Wilkerson','diam@lectus.ca','IOW34HVV0EC','2016-09-17 03:53:01','2017-05-31 12:32:05'),(75,'Alma','Clark','amet.metus@luctussitamet.ca','WJR29XHZ0AK','2016-12-11 21:23:49','2017-11-24 14:26:22'),(76,'Leila','Walker','vel@mollisInteger.ca','REI03EUA7KK','2016-08-10 09:59:57','2017-11-13 06:30:16'),(77,'Gloria','Montoya','sem.mollis.dui@Seddictum.org','LWH81CHJ1MD','2017-03-08 04:42:09','2017-07-07 07:17:20'),(78,'Irma','Lamb','urna.Vivamus@magna.ca','OZX70IUT7YN','2016-11-15 09:55:34','2017-10-11 00:50:01'),(79,'Doris','Cochran','tristique.ac@Cum.co.uk','EWZ59TFW8VS','2016-09-26 14:27:33','2017-04-02 14:19:47'),(80,'Florence','Clemons','risus.Morbi.metus@porttitorscelerisque.ca','NFA14CTG6BL','2016-03-26 04:11:14','2017-12-21 16:51:34');
INSERT INTO "USERS" (user_id,first_name,last_name,email,password,updated_at,created_at) VALUES (81,'Channing','Burt','Nunc@acrisus.org','UFW60NXK2RF','2017-02-20 02:08:17','2017-04-29 14:21:16'),(82,'Aurelia','Mullins','consectetuer.adipiscing.elit@aliquamerosturpis.net','JIA45AHU0TN','2016-12-30 00:25:30','2017-09-02 03:10:06'),(83,'Lacy','Jenkins','imperdiet.nec@gravidamaurisut.ca','QNJ63IUA6PY','2016-09-29 22:25:35','2017-12-01 01:53:32'),(84,'Madeline','Melton','feugiat@scelerisquemollisPhasellus.co.uk','BRK70MZP4HX','2016-09-17 12:06:00','2017-09-26 19:32:28'),(85,'Dale','Welch','risus.Donec@arcuimperdiet.org','PPQ27UKZ7JI','2016-11-03 23:30:17','2017-07-03 07:14:16'),(86,'Hoyt','Johns','mollis@Donec.org','AVF01BFH8PZ','2016-06-21 06:05:57','2017-03-16 12:51:05'),(87,'Wing','Decker','dui.in@tristiquealiquetPhasellus.ca','FCE00VOE6EK','2016-06-08 06:51:40','2017-05-23 19:55:13'),(88,'Laith','Wilkins','quis@ante.com','NPU91KXE5EO','2016-07-18 22:57:46','2017-11-12 09:53:01'),(89,'Margaret','Webster','quam@Maecenasmifelis.net','DGK02OVN1IY','2016-10-27 21:52:49','2017-05-12 15:08:09'),(90,'Anne','Mathews','Fusce.diam.nunc@molestiearcu.com','KUJ51YZC6AM','2016-04-11 21:55:01','2017-11-17 16:32:59');
INSERT INTO "USERS" (user_id,first_name,last_name,email,password,updated_at,created_at) VALUES (91,'Lawrence','Vega','Pellentesque.ultricies.dignissim@aliquetdiamSed.com','ULJ51ROX9HF','2017-01-30 08:23:21','2017-08-19 20:03:56'),(92,'Colt','Perry','vel@ipsumSuspendisse.net','KAV43QHS5FP','2016-08-06 02:47:51','2017-10-16 16:40:02'),(93,'Solomon','Maldonado','cursus.luctus@aultriciesadipiscing.com','VTY34LZR1SP','2016-04-16 01:13:59','2017-03-23 04:21:17'),(94,'Ila','Franco','torquent.per.conubia@semPellentesqueut.org','UZN10MOZ2EZ','2016-09-09 22:11:14','2017-11-18 23:41:25'),(95,'Portia','Mills','malesuada@viverraMaecenas.edu','ZRA88OHY0ZI','2016-06-11 15:34:16','2018-01-09 07:55:50'),(96,'Celeste','Simon','Mauris.vel@sitamet.com','TRY42VVZ7SK','2017-03-06 11:12:41','2017-03-23 00:13:40'),(97,'Samuel','Bradley','Donec.nibh@Nuncpulvinararcu.org','CRQ57YLC6TF','2016-09-06 20:44:06','2017-11-14 19:23:48'),(98,'Erin','Russell','molestie.pharetra.nibh@vehiculaPellentesquetincidunt.edu','KMG36XDB5TC','2016-11-11 06:35:06','2018-01-11 08:16:42'),(99,'Mary','Flores','dui@nec.ca','EJF53BVO9MD','2017-01-05 18:30:29','2017-03-19 17:12:08'),(100,'Shaine','Barber','vel.quam.dignissim@odiosagittis.ca','TFY29FSL1KC','2016-06-19 20:43:50','2017-09-24 21:49:18');

INSERT INTO "COMPANIES" (company_id,name,vat,phone,address,created_at,updated_at) VALUES (1,'Mattis Ornare Lectus LLC','1987354679','06 55 73 42 10','Ap #718-7619 Tellus Road','2015-11-25 23:33:00','2017-01-18 00:36:08'),(2,'Semper Cursus PC','1833631442','08 16 03 24 27','Ap #673-7348 Donec Rd.','2016-01-29 17:25:46','2017-09-12 06:21:26'),(3,'Integer Sem Corporation','7749865241','01 19 73 73 49','P.O. Box 660, 4800 Suspendisse Road','2016-02-12 23:35:12','2017-01-01 04:40:02'),(4,'Integer Eu LLP','7235848249','05 14 43 95 69','Ap #662-7456 Diam Avenue','2015-12-22 01:34:50','2016-09-15 21:59:54'),(5,'Quam Pellentesque Inc.','1261184896','08 84 11 19 91','P.O. Box 767, 9377 Fringilla Av.','2015-07-27 22:39:29','2016-04-16 06:26:02'),(6,'Libero Mauris Aliquam Inc.','1818714221','05 65 58 23 37','Ap #738-4175 Ac Rd.','2015-08-29 17:05:28','2016-08-28 01:37:54'),(7,'Non Incorporated','2799861975','04 92 58 10 25','P.O. Box 678, 6181 Tempus Ave','2015-10-05 11:19:46','2016-03-25 01:44:44'),(8,'Egestas Duis Institute','5165886783','09 41 02 24 52','904-7472 Odio St.','2015-05-07 06:45:03','2017-07-31 00:35:39'),(9,'Molestie In Ltd','6423327276','08 76 93 77 59','162-3070 Tristique Av.','2015-07-25 15:30:59','2018-01-29 02:13:13'),(10,'Id Corp.','1924618221','09 60 35 14 88','7258 Convallis Rd.','2015-07-16 00:28:18','2016-08-24 21:59:22');
INSERT INTO "COMPANIES" (company_id,name,vat,phone,address,created_at,updated_at) VALUES (11,'Luctus Inc.','3569581577','04 06 52 63 02','Ap #732-7125 Iaculis Rd.','2015-07-21 17:27:03','2016-10-12 09:21:12'),(12,'Tempus Limited','6856816143','06 35 49 81 99','P.O. Box 101, 1771 Bibendum Av.','2015-09-28 08:15:09','2017-08-28 14:20:43'),(13,'Sit Amet Ultricies Industries','1231544888','08 12 08 76 60','P.O. Box 111, 6372 Vel, Avenue','2015-08-29 20:29:04','2016-09-06 06:42:55'),(14,'Lectus Justo Eu Inc.','9294963687','09 07 04 04 20','420-4004 Posuere, Avenue','2016-01-14 01:38:08','2016-03-31 06:38:01'),(15,'Faucibus Orci Luctus Incorporated','3417146138','09 16 09 80 01','Ap #552-1634 Est. Road','2016-01-15 23:20:29','2017-08-08 04:09:33'),(16,'Pede Sagittis LLC','2445687468','03 13 63 50 89','Ap #770-7041 Euismod Road','2015-09-13 21:34:27','2017-04-06 05:25:46'),(17,'Risus A LLP','6249334583','06 58 58 67 16','100-5768 Montes, Avenue','2015-06-21 10:44:54','2016-08-10 08:28:06'),(18,'Aliquet Molestie Tellus Incorporated','1543158587','07 75 61 63 67','5266 Praesent St.','2015-11-06 18:38:09','2016-04-06 17:40:50'),(19,'Nunc Mauris Associates','5165765462','01 12 65 09 43','8167 Pretium Street','2015-04-01 18:49:56','2017-09-25 04:41:39'),(20,'Nec Enim Company','8476111321','08 66 75 35 55','268 Diam Rd.','2015-04-23 11:44:24','2016-03-28 19:38:31');
INSERT INTO "COMPANIES" (company_id,name,vat,phone,address,created_at,updated_at) VALUES (21,'Ipsum Corp.','5639291975','06 13 77 34 21','252-6025 Consectetuer St.','2015-05-29 06:15:27','2017-05-12 15:25:06'),(22,'Tempus Associates','8864564167','03 69 13 25 26','P.O. Box 342, 403 Erat, Road','2016-01-28 09:19:32','2016-09-04 08:30:08'),(23,'Nec Corporation','9614895922','01 56 57 55 53','Ap #240-4921 Mauris Rd.','2015-05-18 02:16:40','2017-08-26 02:39:26'),(24,'Mattis Consulting','7277629947','05 44 09 95 51','703-3122 Vivamus Road','2015-07-19 00:58:30','2017-02-22 06:57:46'),(25,'Egestas Nunc Sed Limited','5357379296','01 88 50 97 24','Ap #898-2709 Nunc Street','2015-08-11 18:49:06','2016-06-07 06:58:50'),(26,'Vehicula Aliquet Foundation','1275252258','08 84 50 61 03','339-9368 Iaculis Street','2015-10-30 14:03:38','2018-03-08 15:16:21'),(27,'Enim Ltd','9291959214','04 82 95 18 06','4102 Ante Avenue','2015-08-04 13:58:05','2016-10-21 01:40:29'),(28,'Orci Luctus Incorporated','7572225726','01 02 00 50 37','835-9504 Malesuada Avenue','2015-08-10 18:23:17','2016-08-14 11:20:13'),(29,'Ridiculus Mus Consulting','6637525654','04 08 77 07 55','P.O. Box 520, 5698 Dis St.','2015-08-25 02:11:37','2018-01-26 13:06:02'),(30,'Ut Company','7833688398','06 83 95 56 08','976-4698 Ut, Rd.','2015-05-28 02:26:35','2016-04-27 20:32:23');
INSERT INTO "COMPANIES" (company_id,name,vat,phone,address,created_at,updated_at) VALUES (31,'Et LLC','3865466561','09 40 11 77 47','Ap #951-3209 Mauris Rd.','2015-07-30 09:24:00','2016-07-31 12:10:42'),(32,'Sodales At Foundation','9316611291','03 41 57 59 40','2028 Interdum. Rd.','2015-09-23 11:03:55','2017-01-01 02:40:16'),(33,'Fusce Dolor LLP','1662142518','07 21 98 43 78','Ap #487-8443 Imperdiet Rd.','2015-09-03 07:15:35','2017-05-02 21:44:11'),(34,'Donec At Corp.','5181279526','05 72 80 71 57','4114 Urna Avenue','2015-06-11 07:26:59','2017-02-14 16:03:29'),(35,'Et Pede PC','9556665247','08 70 59 39 71','3937 Nam Rd.','2015-05-12 16:17:45','2017-05-22 06:30:26'),(36,'Vel Foundation','9815313799','09 40 64 11 84','P.O. Box 599, 9989 Sed, Avenue','2015-09-19 16:51:59','2016-05-29 12:35:09'),(37,'Mauris Sagittis Foundation','6357346987','07 81 26 22 12','P.O. Box 870, 875 Vitae, St.','2016-02-14 16:02:23','2017-01-15 11:16:39'),(38,'Eu Corporation','4514542681','02 28 85 47 22','403-8583 Vitae, Rd.','2015-09-16 16:44:22','2017-08-13 14:34:49'),(39,'Semper Inc.','2476619288','02 54 28 42 28','704-9357 Phasellus Road','2015-03-21 02:05:43','2016-05-02 18:43:24'),(40,'Nec Diam Duis LLC','8197421236','07 55 99 37 24','474-6469 Odio Street','2015-12-13 01:17:41','2017-10-14 04:09:03');
INSERT INTO "COMPANIES" (company_id,name,vat,phone,address,created_at,updated_at) VALUES (41,'Pharetra Nam Incorporated','3912389695','02 87 03 04 20','110 Magna Av.','2015-09-04 22:02:02','2017-08-11 17:53:28'),(42,'Malesuada Corp.','3481762833','03 44 72 63 90','4863 Consectetuer St.','2015-05-17 01:57:01','2017-02-12 14:47:42'),(43,'Malesuada Ut Consulting','6397353552','09 86 39 31 89','452 Sem Street','2015-04-06 22:04:50','2017-10-21 17:40:11'),(44,'Elit Aliquam Industries','5669462523','05 11 84 93 17','3973 Urna, Avenue','2015-09-10 23:51:25','2017-09-06 22:33:38'),(45,'Non LLP','7645615821','04 72 52 66 30','P.O. Box 549, 6289 Non St.','2015-12-03 00:17:06','2017-04-04 02:17:23'),(46,'Molestie Sodales Mauris LLC','5327349424','09 75 66 73 03','P.O. Box 703, 7807 Vitae, Road','2015-11-17 13:14:53','2017-07-12 09:03:24'),(47,'Magna LLC','1889363516','05 49 39 64 89','3640 Id, Ave','2016-02-28 11:08:43','2016-10-17 09:26:21'),(48,'Tellus Limited','9232194498','07 27 95 37 68','5270 Pellentesque, Avenue','2015-08-05 18:35:18','2016-12-31 15:45:28'),(49,'Arcu Incorporated','3132876688','04 42 29 39 13','P.O. Box 648, 5709 Proin St.','2015-06-07 06:06:17','2016-10-21 09:40:15'),(50,'Quis Pede Consulting','6747853297','01 15 21 68 21','P.O. Box 106, 347 Semper Rd.','2015-10-22 04:23:43','2018-02-01 10:58:08');
INSERT INTO "COMPANIES" (company_id,name,vat,phone,address,created_at,updated_at) VALUES (51,'Lectus Sit Amet Ltd','1259672673','09 54 96 53 42','Ap #247-5391 Nam Road','2015-12-09 15:37:32','2017-10-12 18:38:43'),(52,'Vestibulum Ante Inc.','5338287337','06 75 71 08 28','P.O. Box 826, 1116 Mus. St.','2015-05-15 19:58:37','2017-10-22 21:59:57'),(53,'Donec Est Incorporated','8851593375','06 79 43 18 23','Ap #395-267 Mollis St.','2016-02-29 06:15:15','2016-12-29 10:00:43'),(54,'Nisi Nibh Ltd','7671931655','01 59 27 78 22','3305 Sit Street','2015-08-02 16:57:22','2016-04-17 05:11:32'),(55,'Sagittis Nullam Vitae Associates','3489139229','01 49 74 55 22','P.O. Box 425, 6928 Non, Rd.','2015-08-13 15:55:59','2017-10-05 03:26:12'),(56,'Nulla Facilisis Suspendisse Industries','9696298511','07 40 16 84 26','Ap #807-6726 Ornare Rd.','2015-06-12 03:25:12','2017-12-16 02:42:57'),(57,'Arcu Consulting','6579737784','07 53 10 46 99','Ap #302-6300 Duis Rd.','2015-06-05 15:29:51','2017-11-17 22:33:42'),(58,'Morbi Accumsan Associates','8299145181','04 26 16 84 88','Ap #792-1576 Ultricies Ave','2015-06-01 16:43:57','2018-02-01 18:46:40'),(59,'Eget Volutpat Company','9559736595','07 60 39 33 09','P.O. Box 441, 8745 Mauris, St.','2016-01-01 07:46:59','2017-06-10 06:02:29'),(60,'Pharetra Nibh Corporation','2736623948','08 56 13 07 29','9629 Nunc Street','2015-03-31 23:05:05','2016-09-03 01:01:13');
INSERT INTO "COMPANIES" (company_id,name,vat,phone,address,created_at,updated_at) VALUES (61,'Dui Corporation','9244935698','04 65 07 70 81','926-6532 Adipiscing Rd.','2015-12-08 22:54:10','2016-06-25 13:46:44'),(62,'Eu Nibh Institute','5411263182','04 34 86 38 93','839-7556 Mus. Rd.','2015-10-23 17:37:16','2016-10-29 02:25:54'),(63,'Ac LLP','8469424145','04 00 98 38 54','Ap #375-6402 Felis Road','2015-11-11 01:58:00','2017-07-21 17:21:04'),(64,'Ac Fermentum Associates','8565936599','04 75 48 40 92','Ap #188-2911 Quam. Rd.','2015-04-18 15:45:54','2016-06-10 05:07:57'),(65,'Tincidunt Vehicula Risus PC','9839937127','06 83 75 18 67','Ap #640-2926 Non, Av.','2015-08-20 10:45:00','2016-10-18 15:30:31'),(66,'Nec PC','9416195213','05 27 02 47 09','P.O. Box 204, 1402 In St.','2015-07-17 22:38:49','2018-02-07 09:04:36'),(67,'Tempus Risus Ltd','8398554356','05 33 45 65 25','Ap #777-9337 Nisl Rd.','2015-11-26 03:29:45','2017-05-05 20:12:01'),(68,'Nonummy Ac Industries','8471248498','05 26 52 85 28','721-3536 Feugiat. St.','2016-01-11 14:30:49','2017-10-30 01:55:47'),(69,'Vel Corp.','7452618518','09 59 16 07 57','P.O. Box 480, 4880 Accumsan Avenue','2015-09-23 04:36:48','2017-09-19 07:47:07'),(70,'Pede Sagittis Ltd','6934722438','06 12 53 06 63','Ap #778-2492 Fames Street','2015-11-02 06:11:41','2017-04-22 04:43:53');
INSERT INTO "COMPANIES" (company_id,name,vat,phone,address,created_at,updated_at) VALUES (71,'Vitae Mauris Corp.','5381676948','02 86 59 27 26','Ap #500-8013 Senectus Rd.','2015-06-06 10:04:35','2017-08-05 13:27:21'),(72,'Duis Cursus Incorporated','4137494649','09 32 87 11 44','P.O. Box 344, 5261 Sit Ave','2015-10-17 00:04:01','2017-11-03 16:36:15'),(73,'Vel Turpis Aliquam Foundation','5179348468','09 66 30 85 20','P.O. Box 775, 5667 Nisi St.','2015-08-19 21:18:24','2017-05-20 18:38:19'),(74,'Odio Incorporated','3999543111','09 02 46 13 80','984-5553 Sit Ave','2015-09-13 04:52:03','2016-03-14 19:31:01'),(75,'Risus Corporation','4964213152','01 71 92 39 35','614-6854 Convallis Av.','2015-04-21 04:34:33','2017-07-20 14:46:18'),(76,'Felis Donec Industries','2554113251','03 26 85 07 55','8465 Mi, Rd.','2015-07-05 22:00:30','2016-07-15 10:57:15'),(77,'Vitae Company','3296864351','09 84 71 45 68','P.O. Box 154, 6558 Sagittis Ave','2015-05-12 07:51:05','2016-08-27 18:24:50'),(78,'Lorem Donec LLP','3934238542','09 03 99 55 58','P.O. Box 183, 7256 Ut, Rd.','2016-02-09 12:58:31','2016-07-20 15:41:27'),(79,'Ut Nec Associates','4473467324','01 39 70 79 46','P.O. Box 303, 5237 Diam Road','2015-05-08 00:25:29','2017-09-20 02:46:12'),(80,'Ut Industries','6542273755','01 82 38 33 44','898 Risus. Rd.','2015-07-13 23:41:27','2017-01-05 19:04:18');
INSERT INTO "COMPANIES" (company_id,name,vat,phone,address,created_at,updated_at) VALUES (81,'Fusce Industries','2165674934','07 01 88 48 02','3956 Nullam Ave','2015-10-16 01:03:01','2018-03-04 08:31:55'),(82,'A Purus Foundation','4996617291','04 10 12 63 02','3998 Vulputate, Rd.','2015-09-25 14:06:31','2017-11-10 13:57:37'),(83,'Posuere LLC','5162296884','04 47 77 78 12','Ap #572-3308 Consequat Road','2016-02-02 15:14:30','2018-01-20 11:48:14'),(84,'Sit Consulting','9951599553','08 31 48 99 73','Ap #401-4662 Magnis Street','2016-01-04 15:09:02','2016-08-28 14:09:41'),(85,'Tortor At Limited','5116213637','05 15 21 23 36','6306 Nam Av.','2015-10-20 21:17:12','2016-05-26 06:36:25'),(86,'Dictum LLP','4839663515','02 52 32 73 50','5397 Enim. Road','2015-08-30 19:11:54','2018-02-18 12:25:55'),(87,'Vel Convallis Industries','5932838122','08 02 67 72 02','Ap #307-8175 Ipsum St.','2016-01-24 10:08:19','2017-03-09 22:20:39'),(88,'Ullamcorper Duis At Incorporated','2217989448','01 39 09 14 22','Ap #483-6196 Erat Street','2015-11-12 04:48:01','2017-08-09 12:50:12'),(89,'Feugiat Sed Incorporated','6783714742','03 56 83 92 83','926-7428 Fusce Rd.','2016-02-17 08:30:27','2017-06-06 20:33:07'),(90,'Orci Donec Nibh Corporation','3345383243','07 36 06 60 92','3116 Suspendisse Avenue','2015-04-22 00:31:16','2017-12-25 19:30:16');
INSERT INTO "COMPANIES" (company_id,name,vat,phone,address,created_at,updated_at) VALUES (91,'Consequat Incorporated','4535439957','09 62 01 32 77','Ap #968-6163 Egestas, Rd.','2015-10-02 00:16:18','2016-10-13 08:28:54'),(92,'Donec Fringilla Ltd','1467955669','06 88 18 43 51','336-4327 Accumsan Road','2015-07-01 14:02:50','2017-09-22 13:16:50'),(93,'Diam Duis Corp.','4716554479','04 83 12 10 18','602-3939 Purus. Road','2015-08-21 03:48:34','2016-05-11 22:46:55'),(94,'Ut Sagittis Incorporated','2883119577','02 00 39 62 07','P.O. Box 971, 5221 Neque Street','2016-02-06 13:46:11','2017-02-12 22:45:19'),(95,'Iaculis Nec Associates','4651631634','05 59 91 07 23','9256 Interdum. Road','2015-06-22 20:14:40','2017-09-19 06:18:31'),(96,'Lorem Associates','5263611678','08 42 18 88 82','P.O. Box 321, 4322 Duis Avenue','2015-12-18 05:36:22','2016-08-25 10:30:03'),(97,'Morbi Tristique Senectus PC','9235589799','03 85 58 25 22','137-1622 Sagittis Rd.','2015-05-02 04:17:17','2016-10-18 13:47:02'),(98,'Eu Dui LLC','6726711755','08 97 07 07 34','9549 Malesuada Rd.','2015-05-30 18:24:52','2017-11-26 05:05:39'),(99,'Luctus Et Ultrices Ltd','6867118458','06 94 41 54 84','279-3376 Erat Rd.','2015-07-31 09:47:54','2017-01-15 14:34:04'),(100,'Nunc In Consulting','9227937263','02 27 72 50 40','Ap #898-3621 Massa. Street','2015-09-07 22:24:19','2017-07-13 15:47:19');

INSERT INTO "ROLES" (role_id,function,company_id,user_id,created_at,updated_at) VALUES (1,'BasicUSer',65,13,'2015-09-07 17:13:12','2018-01-18 10:46:24'),(2,'Supervisor',85,7,'2015-07-11 05:23:39','2016-06-16 08:06:19'),(3,'BasicUSer',79,55,'2016-01-28 00:00:40','2016-08-03 00:35:28'),(4,'BasicUSer',36,86,'2015-06-20 09:39:30','2017-09-13 19:15:43'),(5,'Admin',20,24,'2015-05-20 02:19:08','2017-10-16 04:26:06'),(6,'Supervisor',40,38,'2016-01-13 22:51:47','2017-02-03 04:42:19'),(7,'Supervisor',83,76,'2015-12-21 02:36:37','2017-09-11 16:27:22'),(8,'Admin',9,19,'2015-04-29 15:49:24','2017-02-26 08:50:39'),(9,'Admin',4,83,'2015-11-19 01:32:01','2017-05-16 09:27:03'),(10,'Supervisor',1,5,'2015-09-22 12:58:26','2016-11-07 00:59:33');
INSERT INTO "ROLES" (role_id,function,company_id,user_id,created_at,updated_at) VALUES (11,'Supervisor',42,55,'2015-07-04 04:49:35','2017-03-29 22:23:15'),(12,'Supervisor',21,22,'2016-02-12 03:13:13','2017-03-05 22:08:10'),(13,'BasicUSer',26,4,'2015-06-04 08:26:53','2016-10-16 01:37:34'),(14,'BasicUSer',74,30,'2015-08-23 01:51:14','2016-06-29 00:43:32'),(15,'Supervisor',20,45,'2016-02-10 10:42:19','2017-11-07 05:00:04'),(16,'BasicUSer',87,12,'2015-09-07 04:52:49','2017-07-06 19:14:53'),(17,'BasicUSer',7,47,'2015-04-06 02:05:41','2016-04-16 18:15:19'),(18,'BasicUSer',91,92,'2015-08-25 17:53:27','2016-04-07 20:10:31'),(19,'Admin',41,38,'2015-05-28 14:55:02','2016-06-02 14:22:36'),(20,'BasicUSer',38,13,'2015-06-13 19:21:57','2016-06-26 19:26:22');
INSERT INTO "ROLES" (role_id,function,company_id,user_id,created_at,updated_at) VALUES (21,'Supervisor',93,67,'2015-05-04 22:22:22','2017-10-07 23:58:06'),(22,'Admin',24,79,'2016-02-20 14:47:47','2017-09-07 02:49:37'),(23,'Admin',86,81,'2015-08-29 12:51:18','2017-05-23 22:13:14'),(24,'Supervisor',58,37,'2015-12-30 16:39:15','2017-02-12 05:47:16'),(25,'Supervisor',12,42,'2015-11-20 18:19:46','2017-09-09 23:13:19'),(26,'Supervisor',34,52,'2016-01-26 07:35:51','2016-11-11 02:22:46'),(27,'BasicUSer',78,81,'2015-07-18 20:59:35','2017-10-20 16:52:09'),(28,'Supervisor',68,88,'2015-05-14 18:24:33','2016-09-15 00:17:22'),(29,'Admin',12,50,'2015-10-20 04:58:41','2016-05-06 08:14:16'),(30,'Admin',52,90,'2015-03-25 15:56:01','2016-08-10 17:53:51');
INSERT INTO "ROLES" (role_id,function,company_id,user_id,created_at,updated_at) VALUES (31,'Supervisor',66,74,'2015-04-12 08:59:35','2016-04-05 09:59:52'),(32,'Supervisor',96,83,'2015-09-07 13:49:57','2018-01-12 01:01:46'),(33,'Supervisor',8,99,'2015-06-11 19:25:15','2018-02-06 22:12:43'),(34,'Admin',45,33,'2015-07-23 19:41:27','2017-07-12 20:16:44'),(35,'Supervisor',47,15,'2015-07-10 08:33:50','2017-09-03 14:41:30'),(36,'BasicUSer',96,50,'2015-04-22 15:10:37','2016-08-12 11:45:55'),(37,'Admin',95,7,'2016-02-01 04:33:57','2017-01-18 07:29:58'),(38,'Admin',31,19,'2015-11-07 15:16:31','2017-01-15 08:47:42'),(39,'BasicUSer',83,67,'2015-04-25 20:27:06','2016-03-22 23:48:09'),(40,'BasicUSer',99,93,'2015-03-23 07:04:07','2016-06-21 05:16:16');
INSERT INTO "ROLES" (role_id,function,company_id,user_id,created_at,updated_at) VALUES (41,'Supervisor',27,67,'2015-08-07 08:30:27','2016-09-08 03:08:59'),(42,'BasicUSer',51,87,'2015-07-13 11:13:00','2016-03-29 07:27:16'),(43,'Admin',100,26,'2016-01-27 18:29:13','2018-03-06 17:39:37'),(44,'Supervisor',82,52,'2015-07-16 01:51:23','2017-11-16 15:21:41'),(45,'BasicUSer',97,8,'2015-12-19 12:43:58','2016-07-28 15:47:54'),(46,'Admin',88,21,'2016-02-04 15:41:01','2017-02-26 13:38:01'),(47,'Admin',60,31,'2015-05-23 15:26:51','2017-12-15 10:30:48'),(48,'BasicUSer',32,83,'2016-01-17 03:17:54','2016-04-26 03:26:43'),(49,'BasicUSer',34,91,'2016-01-14 16:14:08','2018-02-24 22:22:31'),(50,'Supervisor',68,9,'2015-06-27 10:46:13','2016-06-29 20:57:10');
INSERT INTO "ROLES" (role_id,function,company_id,user_id,created_at,updated_at) VALUES (51,'Supervisor',80,48,'2015-10-27 18:41:12','2016-09-01 14:33:36'),(52,'Supervisor',82,36,'2015-10-11 03:57:25','2018-03-05 18:23:15'),(53,'BasicUSer',57,80,'2015-05-05 11:29:33','2016-09-23 14:50:39'),(54,'Admin',31,6,'2015-09-08 01:23:51','2018-01-22 20:03:23'),(55,'BasicUSer',64,83,'2015-06-29 19:27:05','2017-06-01 03:35:56'),(56,'Admin',76,42,'2015-12-31 05:50:54','2016-10-04 08:10:57'),(57,'Supervisor',66,85,'2015-03-27 01:57:17','2017-07-11 16:33:25'),(58,'Supervisor',83,5,'2015-08-25 06:52:25','2016-04-16 04:26:23'),(59,'BasicUSer',95,86,'2015-08-26 03:28:46','2017-03-22 14:49:25'),(60,'Admin',74,9,'2015-10-11 18:37:39','2017-05-16 11:50:14');
INSERT INTO "ROLES" (role_id,function,company_id,user_id,created_at,updated_at) VALUES (61,'Supervisor',29,16,'2015-07-14 22:56:47','2016-09-01 23:57:11'),(62,'BasicUSer',45,36,'2016-01-13 04:58:50','2017-01-30 21:03:10'),(63,'BasicUSer',16,72,'2016-02-12 16:25:13','2016-04-24 17:31:29'),(64,'Supervisor',32,59,'2015-10-28 21:58:44','2017-02-04 13:26:55'),(65,'BasicUSer',55,18,'2015-05-04 21:39:46','2016-10-19 11:09:05'),(66,'Admin',72,49,'2015-10-12 03:22:14','2016-07-08 22:52:52'),(67,'Admin',82,71,'2016-02-19 09:15:43','2017-01-16 16:16:40'),(68,'Admin',97,36,'2015-11-01 19:17:18','2017-12-05 09:12:42'),(69,'BasicUSer',58,40,'2015-12-15 08:38:52','2017-09-26 03:58:15'),(70,'Supervisor',34,65,'2015-04-25 00:16:40','2017-08-25 23:47:20');
INSERT INTO "ROLES" (role_id,function,company_id,user_id,created_at,updated_at) VALUES (71,'Supervisor',3,3,'2016-02-08 03:00:43','2017-05-03 22:42:07'),(72,'BasicUSer',92,45,'2015-09-11 01:48:48','2017-11-27 21:27:49'),(73,'Supervisor',38,35,'2015-11-26 17:24:31','2018-02-16 15:28:18'),(74,'Admin',72,88,'2016-01-30 10:48:35','2016-03-25 03:16:24'),(75,'BasicUSer',29,43,'2015-06-10 06:39:02','2016-05-17 00:59:17'),(76,'Supervisor',29,31,'2015-06-28 00:35:30','2016-03-16 07:30:54'),(77,'BasicUSer',16,42,'2016-01-09 00:22:59','2017-07-28 14:15:03'),(78,'Admin',37,44,'2015-05-02 16:23:09','2016-06-02 22:46:47'),(79,'Supervisor',72,11,'2015-12-04 05:29:18','2016-05-17 01:50:16'),(80,'Supervisor',64,40,'2016-02-15 17:45:29','2017-10-21 01:52:46');
INSERT INTO "ROLES" (role_id,function,company_id,user_id,created_at,updated_at) VALUES (81,'Admin',64,21,'2015-05-12 19:18:15','2016-08-24 05:23:26'),(82,'Supervisor',39,43,'2016-02-16 17:59:20','2017-02-03 14:04:25'),(83,'BasicUSer',86,1,'2016-01-18 15:13:59','2017-07-24 16:31:41'),(84,'BasicUSer',47,4,'2015-09-16 08:49:16','2017-02-02 03:47:20'),(85,'Supervisor',60,9,'2015-07-14 21:16:52','2017-04-25 09:48:04'),(86,'Supervisor',41,39,'2015-09-05 08:41:26','2018-01-06 13:45:13'),(87,'BasicUSer',10,21,'2015-05-17 04:36:38','2016-03-27 00:59:19'),(88,'Supervisor',88,66,'2015-07-17 17:23:04','2017-11-05 17:45:12'),(89,'BasicUSer',23,93,'2015-06-02 15:10:08','2017-03-14 02:41:51'),(90,'BasicUSer',76,15,'2015-08-20 03:05:28','2017-04-10 10:44:11');
INSERT INTO "ROLES" (role_id,function,company_id,user_id,created_at,updated_at) VALUES (91,'Admin',67,4,'2015-10-21 22:50:50','2017-11-07 22:24:24'),(92,'Admin',5,37,'2015-04-14 01:17:54','2016-12-15 21:36:30'),(93,'Supervisor',17,79,'2015-10-21 07:24:25','2017-07-11 19:06:22'),(94,'BasicUSer',10,30,'2015-11-13 21:09:11','2017-09-28 23:16:33'),(95,'BasicUSer',24,73,'2015-05-05 08:54:03','2016-06-25 10:56:52'),(96,'Supervisor',79,90,'2015-10-26 13:26:20','2017-09-18 15:42:11'),(97,'Admin',57,96,'2016-02-27 10:47:56','2017-06-07 19:31:45'),(98,'BasicUSer',60,58,'2016-01-27 09:42:31','2017-09-06 17:10:51'),(99,'Admin',28,25,'2015-11-15 11:39:45','2016-04-05 20:21:10'),(100,'Admin',55,13,'2015-12-02 05:34:16','2016-06-03 04:34:24');

